scope,date,distance_to_standardized_median,rank,selected,electric_demand_MWh,z_electric_demand_MWh,median_z_electric_demand_MWh,community_water_m3,z_community_water_m3,median_z_community_water_m3,external_H2_kg,z_external_H2_kg,median_z_external_H2_kg,PV_generation_MWh,z_PV_generation_MWh,median_z_PV_generation_MWh,WT_generation_MWh,z_WT_generation_MWh,median_z_WT_generation_MWh
Annual,2025-12-07,0.581684811860159,1,True,61.20194702792886,-0.4087198643626815,-0.36363684613361524,1920.7902639785639,-0.4481608874830204,-0.2199727828717195,956.0745705448049,-0.4785270544958038,-0.10540490073014677,34.26586460339711,-0.05779959049703846,-0.05779959049703846,47.9203685652758,-0.5738604657760317,-0.1930261328971201
Annual,2025-02-16,0.6125949497118723,2,False,61.88122530957365,-0.2929448875911767,-0.36363684613361524,1883.6832133736957,-0.6581089262753046,-0.2199727828717195,971.1065356255765,-0.31476765447166466,-0.10540490073014677,42.22963034648447,0.2632983738759856,-0.05779959049703846,88.67003501273933,-0.015895463969835547,-0.1930261328971201
Annual,2025-11-30,0.6482293382651723,3,False,59.16052871698767,-0.7566555542214226,-0.36363684613361524,1912.3044001306262,-0.4961730696233907,-0.2199727828717195,954.7579088431149,-0.4928708697684541,-0.10540490073014677,35.92493469975434,0.00909389279695131,-0.05779959049703846,62.100575061464085,-0.37969792082714127,-0.1930261328971201
Annual,2025-11-13,0.6912156086833189,4,False,58.29606421641409,-0.903993339306141,-0.36363684613361524,1887.4894228838086,-0.6365737676233822,-0.2199727828717195,985.3938382641512,-0.15912066517356258,-0.10540490073014677,35.43464295561918,-0.010674604427788224,-0.05779959049703846,81.90112378843664,-0.10857881312959596,-0.1930261328971201
Annual,2025-04-18,0.7391552365110563,5,False,59.94359359228293,-0.6231913758461487,-0.36363684613361524,1965.065796902741,-0.19765428153103148,-0.2199727828717195,975.2796758782104,-0.26930513907092857,-0.10540490073014677,26.082810056977074,-0.38773924994642,-0.05779959049703846,118.49121850709986,0.39243123297983934,-0.1930261328971201
Annual,2025-12-05,0.7578628841792272,6,False,60.54659159168133,-0.5204174741035938,-0.36363684613361524,1878.1488660762884,-0.6894217183766959,-0.2199727828717195,1005.1842535865997,0.05647766292382677,-0.10540490073014677,30.991806244579937,-0.1898091834672001,-0.05779959049703846,114.77451263627461,0.3415402201515075,-0.1930261328971201
Annual,2025-12-20,0.7689615131325601,7,False,61.1509195363738,-0.4174168988611061,-0.36363684613361524,1924.073041640136,-0.42958725469346776,-0.2199727828717195,948.1696665366062,-0.5646436953125741,-0.10540490073014677,20.281617955389194,-0.6216425357598712,-0.05779959049703846,84.87072179567639,-0.06791757827974994,-0.1930261328971201
Annual,2025-10-15,0.7845324864388937,8,False,61.23983782794224,-0.4022618241015082,-0.36363684613361524,2003.8288816126335,0.021663435175707003,-0.2199727828717195,923.4330177449041,-0.8341266766107893,-0.10540490073014677,30.394339033019666,-0.21389898113335498,-0.05779959049703846,74.67833271412451,-0.20747691429614415,-0.1930261328971201
Annual,2025-03-05,0.7965596427438294,9,False,61.00014970163645,-0.4431138401386835,-0.36363684613361524,1923.9536103111532,-0.4302629853937404,-0.2199727828717195,1023.5889100422729,0.2569794258428206,-0.10540490073014677,23.886041376427887,-0.4763126678844143,-0.05779959049703846,37.26185032744956,-0.7198022774835547,-0.1930261328971201
Annual,2025-01-01,0.8314719925330368,10,False,59.97295421921472,-0.6181872030455786,-0.36363684613361524,1912.9584969862638,-0.4924722540160383,-0.2199727828717195,1033.057376372994,0.3601296365528669,-0.10540490073014677,35.58779453543578,-0.004499553314273329,-0.05779959049703846,33.60643114729151,-0.7698541220081925,-0.1930261328971201
Annual,2025-10-07,0.8865171664195519,11,False,59.41718241266784,-0.712911956849601,-0.36363684613361524,1938.228938011604,-0.349494586801759,-0.2199727828717195,918.2685991710541,-0.8903882553586678,-0.10540490073014677,38.17106574084522,0.09965759447732513,-0.05779959049703846,70.00539322525985,-0.2714611604912908,-0.1930261328971201
Annual,2025-12-29,0.9018806998147976,12,False,60.28709989849614,-0.5646447746999991,-0.36363684613361524,1845.5101804086644,-0.8740881883056347,-0.2199727828717195,1042.7166815235219,0.4653588602505666,-0.10540490073014677,30.902335015276375,-0.1934166514071333,-0.05779959049703846,73.47750172896266,-0.22391929827660173,-0.1930261328971201
Annual,2025-03-23,0.9077805178177093,13,False,62.6711807936386,-0.15830628616748674,-0.36363684613361524,1920.6684182335582,-0.44885027871142935,-0.2199727828717195,961.4322091458237,-0.42016052170154583,-0.10540490073014677,22.137352594163282,-0.5468195645487839,-0.05779959049703846,121.4190264199293,0.4325202567630452,-0.1930261328971201
Annual,2025-06-09,0.9147356087512949,14,False,62.64408046393288,-0.16292521794693715,-0.36363684613361524,2015.6895793452081,0.0887700951519502,-0.2199727828717195,977.4539619340271,-0.24561829719309142,-0.10540490073014677,41.71662484220199,0.24261406089500107,-0.05779959049703846,19.578021276411526,-0.9619381909424751,-0.1930261328971201
Annual,2025-10-16,0.9179995776561385,15,False,63.48258391651114,-0.020012187502312376,-0.36363684613361524,2030.4262664372045,0.17214881975622548,-0.2199727828717195,1046.4683363717038,0.5062296807809981,-0.10540490073014677,28.24924474516758,-0.30038889450321776,-0.05779959049703846,102.85819529614119,0.1783759882483379,-0.1930261328971201
Annual,2025-01-20,0.9181739828651629,16,False,58.79138556228171,-0.8195716540236401,-0.36363684613361524,1837.437936395717,-0.9197601501443022,-0.2199727828717195,1024.9592812775702,0.2719083569637212,-0.10540490073014677,33.82795602614086,-0.07545600547390063,-0.05779959049703846,71.87781497334562,-0.24582301679262825,-0.1930261328971201
Annual,2025-01-21,0.9255263272267669,17,False,60.32297660689077,-0.5585300126160869,-0.36363684613361524,1838.954564931792,-0.9111792152132041,-0.2199727828717195,984.6142672625616,-0.1676133724683548,-0.10540490073014677,42.09236013844298,0.2577636575378708,-0.05779959049703846,40.14954764382831,-0.680262468233182,-0.1930261328971201
Annual,2025-06-24,0.9362353728986734,18,False,63.93000303259048,0.05624512731391466,-0.36363684613361524,2084.2908669159706,0.47690942580027595,-0.2199727828717195,978.420751820862,-0.23508601276009913,-0.10540490073014677,36.5131246447514,0.032809632322209945,-0.05779959049703846,43.93608071510979,-0.6284153461302158,-0.1930261328971201
Annual,2025-03-26,0.9389853419230962,19,False,57.19395575723551,-1.0918347361370822,-0.36363684613361524,1930.733192264623,-0.3919047782131396,-0.2199727828717195,1025.4209214375269,0.2769375008724079,-0.10540490073014677,26.51555678671376,-0.3702909599677568,-0.05779959049703846,96.13377691653426,0.08630185757636664,-0.1930261328971201
Annual,2025-01-02,0.9426106917815248,20,False,58.436240618757296,-0.88010192372032,-0.36363684613361524,1837.989975184745,-0.9166367690292735,-0.2199727828717195,1017.745936005475,0.19332561095692657,-0.10540490073014677,29.604399685674203,-0.24574922944470853,-0.05779959049703846,83.69160575137573,-0.08406263032909946,-0.1930261328971201
Annual,2025-02-10,0.950418128772196,21,False,65.57840313552427,0.33719549593927556,-0.36363684613361524,1861.7914702616515,-0.7819702533600069,-0.2199727828717195,962.1740616239993,-0.4120787229427225,-0.10540490073014677,33.11171319704916,-0.10433482007461248,-0.05779959049703846,76.35825894895561,-0.18447451632902764,-0.1930261328971201
Annual,2025-10-02,0.9602393874270168,22,False,63.17099343278058,-0.0731191128831415,-0.36363684613361524,2014.1910600280457,0.08029162039844008,-0.2199727828717195,918.3670761297938,-0.8893154396893423,-0.10540490073014677,43.01503418061744,0.29496575090421756,-0.05779959049703846,68.98409660555915,-0.28544526931806224,-0.1930261328971201
Annual,2025-10-04,0.9678718023368384,23,False,66.62617061843783,0.5157751138574709,-0.36363684613361524,1995.2198265944626,-0.027045750476540262,-0.2199727828717195,965.2031052349071,-0.3790800855919926,-0.10540490073014677,39.842854238621854,0.16706388200709932,-0.05779959049703846,73.76331484863255,-0.2200058007750101,-0.1930261328971201
Annual,2025-11-28,0.9753156091736788,24,False,61.59559166609432,-0.34162777549229795,-0.36363684613361524,1901.4276375389768,-0.5577127214497334,-0.2199727828717195,908.2300762297284,-0.9997487072468169,-0.10540490073014677,37.7144579346885,0.08124722910450874,-0.05779959049703846,85.39585484676485,-0.060727191478011984,-0.1930261328971201
Annual,2025-03-01,0.9757058602191928,25,False,63.71378089150284,0.019392611874599886,-0.36363684613361524,1929.7131586362168,-0.3976760280509799,-0.2199727828717195,959.379398198023,-0.4425240042780749,-0.10540490073014677,14.341779009060177,-0.8611360437181369,-0.05779959049703846,84.59241626003961,-0.07172827815123106,-0.1930261328971201
Annual,2025-05-15,0.9810508853734895,26,False,61.78150610869376,-0.30994085003765354,-0.36363684613361524,1873.7484578903843,-0.7143187946319258,-0.2199727828717195,917.6033400669343,-0.8976356399265458,-0.10540490073014677,38.76060110498002,0.12342758112138308,-0.05779959049703846,92.81879108341833,0.04091139827661515,-0.1930261328971201
Annual,2025-10-31,0.9856595503490664,27,False,59.66215699790848,-0.6711589261959943,-0.36363684613361524,1914.8604569186732,-0.4817111519838955,-0.2199727828717195,910.8808206281277,-0.970871291023007,-0.10540490073014677,39.18203888075463,0.14041989559630158,-0.05779959049703846,65.37313202923869,-0.33488841896804333,-0.1930261328971201
Annual,2025-05-06,0.9865447703309131,28,False,56.25178435215438,-1.2524167472002352,-0.36363684613361524,2002.9259310076038,0.0165546295562322,-0.2199727828717195,969.1300105438521,-0.33630007287316055,-0.10540490073014677,28.142304868875687,-0.30470069594180677,-0.05779959049703846,67.36743333894073,-0.30758143879178573,-0.1930261328971201
Annual,2025-01-12,0.9886237763495862,29,False,61.17729849607398,-0.41292091609664905,-0.36363684613361524,1808.8983960776472,-1.0812340592839849,-0.2199727828717195,976.1916876822739,-0.25936961134412256,-0.10540490073014677,28.576380353592203,-0.2871988307409511,-0.05779959049703846,104.65758719486684,0.20301417038700428,-0.1930261328971201
Annual,2025-01-31,0.9919074473750421,30,False,60.98543464347074,-0.44562184836353297,-0.36363684613361524,1816.4252962818166,-1.0386475990212745,-0.2199727828717195,1009.869465715537,0.10751872928460737,-0.10540490073014677,25.20225719660044,-0.42324302292407273,-0.05779959049703846,49.60016001390839,-0.5508599133695798,-0.1930261328971201
Annual,2025-06-16,1.0234359626539593,31,False,60.95893568535788,-0.45013828344306606,-0.36363684613361524,2063.902745741181,0.3615554435911669,-0.2199727828717195,999.2091504586425,-0.008615576586705354,-0.10540490073014677,53.01292799303043,0.6980794856307877,-0.05779959049703846,101.14259498206495,0.1548851227813435,-0.1930261328971201
Annual,2025-02-02,1.0245978335184593,32,False,62.85392411431029,-0.12715984106889885,-0.36363684613361524,1896.465780414283,-0.585786420520829,-0.2199727828717195,927.1866295438447,-0.7932345369061585,-0.10540490073014677,26.866044911641723,-0.35615932587882415,-0.05779959049703846,115.59720698073403,0.3528049663791621,-0.1930261328971201
Annual,2025-10-14,1.0390569738921112,33,False,62.89961735312685,-0.11937196707741371,-0.36363684613361524,1915.6929176892288,-0.4770011709075032,-0.2199727828717195,1063.21187956563,0.6886351462662111,-0.10540490073014677,28.28946030913225,-0.2987674083694277,-0.05779959049703846,38.113358384538365,-0.7081429993585648,-0.1930261328971201
Annual,2025-06-14,1.0651229726947382,34,False,63.32270590893804,-0.0472615094859779,-0.36363684613361524,2031.7618913774115,0.17970565416337017,-0.2199727828717195,987.6513861826439,-0.13452676206963546,-0.10540490073014677,33.7173917216682,-0.07991394336958857,-0.05779959049703846,143.98364230815457,0.7414863672234026,-0.1930261328971201
Annual,2025-06-02,1.0661672920532304,35,False,60.37924053914671,-0.548940488519671,-0.36363684613361524,2073.025855312896,0.41317309929397195,-0.2199727828717195,972.7436911508249,-0.2969323544879099,-0.10540490073014677,21.395643240686397,-0.5767251859898197,-0.05779959049703846,121.66509899414731,0.43588960665686644,-0.1930261328971201
Annual,2025-03-19,1.0693213575258342,36,False,62.35015820857965,-0.21302080204798005,-0.36363684613361524,1895.2358508965922,-0.5927452406340624,-0.2199727828717195,1077.6480897121585,0.8459043455701627,-0.10540490073014677,32.42285911077211,-0.13210932424628488,-0.05779959049703846,95.23390272219623,0.07398032588686201,-0.1930261328971201
Annual,2025-10-28,1.0736311621919619,37,False,60.06453851467464,-0.6025777393456172,-0.36363684613361524,1892.803978549281,-0.6065045349349729,-0.2199727828717195,909.3982364646328,-0.9870226785358605,-0.10540490073014677,42.07776732594472,0.25717527729932155,-0.05779959049703846,95.01837890303351,0.07102926496705185,-0.1930261328971201
Annual,2025-04-01,1.085418550715763,38,False,59.52573986220559,-0.694409619091688,-0.36363684613361524,1866.5550634149913,-0.7550183123179227,-0.2199727828717195,1027.3729836955615,0.2982034193646234,-0.10540490073014677,53.78750228659453,0.7293102170388521,-0.05779959049703846,75.93450709884074,-0.19027674055384552,-0.1930261328971201
Annual,2025-11-21,1.0882291030401177,39,False,59.96579916023272,-0.6194066985157327,-0.36363684613361524,1850.7675594807195,-0.8443424551532199,-0.2199727828717195,913.737647240672,-0.9397487990846985,-0.10540490073014677,38.69583978059214,0.12081641322645853,-0.05779959049703846,77.98882263123708,-0.16214801534766973,-0.1930261328971201
Annual,2025-12-01,1.0981590473639287,40,False,57.62336815766553,-1.0186464537665598,-0.36363684613361524,1867.2341491611685,-0.7511761120282832,-0.2199727828717195,994.7563448967487,-0.05712478767931456,-0.10540490073014677,30.364132757333827,-0.215116894109064,-0.05779959049703846,125.67753208233609,0.4908298658166526,-0.1930261328971201
Annual,2025-01-04,1.106719680559059,41,False,61.61448086220754,-0.338408334652904,-0.36363684613361524,1924.3481400828364,-0.42803077479063767,-0.2199727828717195,1084.6938311921892,0.9226612027937695,-0.10540490073014677,31.518872447915992,-0.1685579449902361,-0.05779959049703846,51.32326100993901,-0.5272663447792209,-0.1930261328971201
Annual,2025-05-05,1.110395636396453,42,False,60.91590294012219,-0.4574727076616834,-0.36363684613361524,1940.269570307292,-0.33794889019175417,-0.2199727828717195,1069.987581903649,0.7624501760147506,-0.10540490073014677,21.616996246243072,-0.5678002625572345,-0.05779959049703846,43.31989503827234,-0.6368524714434454,-0.1930261328971201
Annual,2025-05-20,1.1252957547975797,43,False,56.88510573109827,-1.1444745828216185,-0.36363684613361524,2040.88424014314,0.23131900530081265,-0.2199727828717195,1032.9576265311055,0.35904295399523756,-0.10540490073014677,44.01390871596969,0.3352402379135901,-0.05779959049703846,96.7395301837065,0.09459613707059573,-0.1930261328971201
Annual,2025-02-09,1.1261106877173326,44,False,64.90462295644275,0.22235760594612172,-0.36363684613361524,1919.6630625492435,-0.4545384821867781,-0.2199727828717195,947.4304193682867,-0.572697111622621,-0.10540490073014677,22.908418384494436,-0.5157302955195034,-0.05779959049703846,124.26896336498228,0.471543031949295,-0.1930261328971201
Annual,2025-04-28,1.1411124848021945,45,False,60.16383276203886,-0.5856542052171582,-0.36363684613361524,1895.1862213413362,-0.5930260397712148,-0.2199727828717195,910.8534963841911,-0.9711689634676361,-0.10540490073014677,35.58419653217066,-0.004644624322325272,-0.05779959049703846,119.63262042977475,0.40805988423930334,-0.1930261328971201
Annual,2025-03-07,1.143419334474561,46,False,61.08619031342186,-0.4284492319802402,-0.36363684613361524,1848.813301055001,-0.8553994569112383,-0.2199727828717195,1050.8053469384763,0.5534774121652013,-0.10540490073014677,49.20544656916351,0.5445623463737749,-0.05779959049703846,52.354788322947705,-0.5131421521356302,-0.1930261328971201
Annual,2025-04-21,1.1463226755791702,47,False,56.87708746013608,-1.1458412025995206,-0.36363684613361524,1961.1164739135315,-0.21999916215684587,-0.2199727828717195,921.3832159206869,-0.8564573775602997,-0.10540490073014677,41.50894404168928,0.23424039893214466,-0.05779959049703846,92.52246321777042,0.03685392756566767,-0.1930261328971201
Annual,2025-02-11,1.159337323044311,48,False,62.03401850375878,-0.26690308854411454,-0.36363684613361524,1787.0244639527998,-1.2049946135567833,-0.2199727828717195,990.3245689292694,-0.10540490073014677,-0.10540490073014677,42.65978111090922,0.2806419948821884,-0.05779959049703846,39.2250602003455,-0.6929210169537643,-0.1930261328971201
Annual,2025-02-25,1.1599929172442371,49,False,61.45847351660817,-0.3649979479248267,-0.36363684613361524,1797.5255100001555,-1.1455807289453086,-0.2199727828717195,1023.79576251332,0.2592328927960878,-0.10540490073014677,36.044633819238506,0.013920145206117368,-0.05779959049703846,32.482146681056335,-0.7852483924138741,-0.1930261328971201
Annual,2025-10-30,1.1638839406533126,50,False,59.96513332225231,-0.6195201827515726,-0.36363684613361524,1925.4417245456534,-0.42184338157345674,-0.2199727828717195,1080.3181193735838,0.8749918569535533,-0.10540490073014677,29.32812122299992,-0.25688873992589323,-0.05779959049703846,39.39429417589376,-0.6906037799379916,-0.1930261328971201
Annual,2025-03-30,1.1645846801742021,51,False,57.8516307204513,-0.979741790363608,-0.36363684613361524,2022.3972612913908,0.12672149917053613,-0.2199727828717195,941.8119571284391,-0.6339050774815004,-0.10540490073014677,53.10799890460402,0.70191273200721,-0.05779959049703846,75.73371167160252,-0.1930261328971201,-0.1930261328971201
Annual,2025-10-17,1.1791520017119863,52,False,64.14051796758704,0.0921249167431713,-0.36363684613361524,1961.8648434666136,-0.21576496090936587,-0.2199727828717195,1048.931005428458,0.5330581895637897,-0.10540490073014677,24.6561804823831,-0.4452607626446186,-0.05779959049703846,133.4665545980102,0.5974810936893932,-0.1930261328971201
Annual,2025-11-23,1.1803230926278705,53,False,58.921287518186496,-0.797431396733162,-0.36363684613361524,2013.6190796156893,0.07705541154205421,-0.2199727828717195,979.6914516544706,-0.22124290966317336,-0.10540490073014677,41.72053579023014,0.2427717497938361,-0.05779959049703846,2.2279637826025076,-1.1995039357652364,-0.1930261328971201
Annual,2025-11-16,1.1842504135142138,54,False,58.5395394130335,-0.8624958617704312,-0.36363684613361524,2003.1926193150039,0.018063525741587545,-0.2199727828717195,978.1670223031423,-0.23785016191604366,-0.10540490073014677,39.9425681488071,0.17108433346349083,-0.05779959049703846,1.721758561854899,-1.2064351531599329,-0.1930261328971201
Annual,2025-10-25,1.1972025750023305,55,False,59.76992797140901,-0.6527906340088009,-0.36363684613361524,2149.835975638318,0.8477571974331558,-0.2199727828717195,963.3511230788615,-0.3992557236472843,-0.10540490073014677,26.275817592880106,-0.37995721204043176,-0.05779959049703846,85.9329365894868,-0.05337319715920494,-0.1930261328971201
Annual,2025-05-19,1.199177221394719,56,False,57.83655228257925,-0.9823117323764161,-0.36363684613361524,1946.1374294399639,-0.3047491209637407,-0.2199727828717195,917.3598997341045,-0.9002876978997828,-0.10540490073014677,48.32388872268271,0.5090180524914796,-0.05779959049703846,98.23908530116735,0.11512880265452742,-0.1930261328971201
Annual,2025-11-07,1.2026823999982426,57,False,58.07653471518775,-0.9414095552987938,-0.36363684613361524,1789.6807951662313,-1.1899653530914014,-0.2199727828717195,1024.9339600669732,0.27163250572052267,-0.10540490073014677,35.314333602710974,-0.015525461366591787,-0.05779959049703846,87.90932178640213,-0.026311533442562592,-0.1930261328971201
Annual,2025-06-15,1.2042196405873773,58,False,63.36748472312271,-0.03962948839510437,-0.36363684613361524,2155.4638014618076,0.8795988818313016,-0.2199727828717195,1007.8736396991405,0.08577604499539702,-0.10540490073014677,41.35051728164613,0.2278526532609178,-0.05779959049703846,65.94652615253861,-0.32703721720532025,-0.1930261328971201
Annual,2025-12-16,1.210611312895431,59,False,61.09871916690955,-0.42631383657498995,-0.36363684613361524,1827.4669963977337,-0.9761747469222394,-0.2199727828717195,1013.2231666520288,0.14405420886224501,-0.10540490073014677,26.858588667805538,-0.3564599606281255,-0.05779959049703846,12.97736247051467,-1.0523177430623076,-0.1930261328971201
Annual,2025-10-29,1.2121793288692637,60,False,59.64949786419211,-0.6733165263306725,-0.36363684613361524,1962.2153115582926,-0.21378204695344985,-0.2199727828717195,1087.7370578022023,0.9558143508429707,-0.10540490073014677,43.71342003377346,0.32312457463531075,-0.05779959049703846,99.07554475309566,0.12658202768172364,-0.1930261328971201
Annual,2025-04-15,1.2212600451923907,61,False,58.28899734588245,-0.9051978040943667,-0.36363684613361524,1978.5456519096651,-0.12138658911742942,-0.2199727828717195,907.2127223731469,-1.0108318395100193,-0.10540490073014677,41.36944607228192,0.2286158595551852,-0.05779959049703846,114.83428282876423,0.34235862379668636,-0.1930261328971201
Annual,2025-11-26,1.2287388864690156,62,False,58.41294270704025,-0.8840727781709204,-0.36363684613361524,1800.4541340696512,-1.1290108623100485,-0.2199727828717195,998.8787790253024,-0.012214668749186492,-0.10540490073014677,29.65423217765376,-0.2437399900659435,-0.05779959049703846,31.34948761962003,-0.8007573320042115,-0.1930261328971201
Annual,2025-06-19,1.243597762504385,63,False,64.08772569254614,0.08312709570026146,-0.36363684613361524,2096.3112021026777,0.5449192987742268,-0.2199727828717195,951.8536624999389,-0.5245099559508177,-0.10540490073014677,53.15303433291469,0.7037285544236062,-0.05779959049703846,69.93539897755173,-0.272419557061217,-0.1930261328971201
Annual,2025-03-29,1.2541627440588585,64,False,59.4769385135904,-0.7027272337645158,-0.36363684613361524,1913.0785392518071,-0.4917930666968579,-0.2199727828717195,1078.9440990379135,0.8600231722485728,-0.10540490073014677,30.155157521381263,-0.223542747534874,-0.05779959049703846,123.31903981889036,0.45853619927265793,-0.1930261328971201
Annual,2025-12-28,1.2543533077202749,65,False,60.29406803686384,-0.5634571376454063,-0.36363684613361524,1816.5513980945075,-1.0379341273809517,-0.2199727828717195,1009.5817838389115,0.10438470048259346,-0.10540490073014677,35.32615783902439,-0.01504870974769855,-0.05779959049703846,9.657357633107194,-1.0977769251022123,-0.1930261328971201
Annual,2025-12-06,1.2583180277815422,66,False,60.64972908476832,-0.5028389040402254,-0.36363684613361524,1859.1125281376953,-0.7971274441308857,-0.2199727828717195,1079.842759789305,0.8698132525662408,-0.10540490073014677,36.383570140643236,0.027586012129639986,-0.05779959049703846,37.606859830893804,-0.7150782332153494,-0.1930261328971201
Annual,2025-01-19,1.2654177021279711,67,False,61.21488258664792,-0.4065151508443882,-0.36363684613361524,1925.397745301023,-0.4220922118094152,-0.2199727828717195,916.5746523282859,-0.9088422443849831,-0.10540490073014677,33.9257918371377,-0.07151127872435528,-0.05779959049703846,5.954397221239995,-1.1484797281683305,-0.1930261328971201
Annual,2025-02-13,1.2672794512427539,68,False,59.97883256896325,-0.6171853076162964,-0.36363684613361524,1817.420704363495,-1.0330156781022097,-0.2199727828717195,1029.6645594549846,0.32316802442168335,-0.10540490073014677,27.17775912893184,-0.34359105053435324,-0.05779959049703846,133.02223911477338,0.5913973018201673,-0.1930261328971201
Annual,2025-01-16,1.2718948876073344,69,False,62.33399395219936,-0.2157758090274843,-0.36363684613361524,1777.6505655627886,-1.2580312077010456,-0.2199727828717195,1006.0458363515864,0.06586381276566328,-0.10540490073014677,22.72930593611012,-0.5229520853643383,-0.05779959049703846,113.86407572511509,0.32907405841164444,-0.1930261328971201
Annual,2025-10-10,1.2798634449695592,70,False,60.60678054287802,-0.5101589767910855,-0.36363684613361524,2006.9539704292208,0.039344880006251755,-0.2199727828717195,917.5115243119227,-0.8986358879229099,-0.10540490073014677,54.52657251744563,0.7591094294103335,-0.05779959049703846,112.45253180394661,0.309746486551892,-0.1930261328971201
Annual,2025-04-10,1.2823863627690193,71,False,57.08691003596258,-1.1100794176302888,-0.36363684613361524,1935.6895083604204,-0.36386242973797506,-0.2199727828717195,950.6706285881748,-0.5373980196575718,-0.10540490073014677,56.4098191248851,0.8350416795001995,-0.05779959049703846,54.71217106775148,-0.480863677680922,-0.1930261328971201
Annual,2025-09-18,1.2903841206412312,72,False,63.81253060679356,0.03622333692927445,-0.36363684613361524,1968.333407913664,-0.17916646015755613,-0.2199727828717195,1068.4671100076343,0.7458860365887331,-0.10540490073014677,55.29638954723181,0.7901483485822832,-0.05779959049703846,57.87041209651454,-0.4376194473608999,-0.1930261328971201
Annual,2025-11-19,1.2915131688238577,73,False,58.61800809556344,-0.8491217997068001,-0.36363684613361524,1900.512308661819,-0.562891562114155,-0.2199727828717195,890.3887077631628,-1.1941139668782226,-0.10540490073014677,26.132080229917246,-0.38575268319574324,-0.05779959049703846,86.53580062116838,-0.04511847853568503,-0.1930261328971201
Annual,2025-12-09,1.315764383707101,74,False,58.60985024243792,-0.850512209619252,-0.36363684613361524,1933.1952664984374,-0.3779746046120474,-0.2199727828717195,883.8469163245919,-1.265380753044042,-0.10540490073014677,37.99999213708424,0.09275992976722372,-0.05779959049703846,98.94518257481275,0.1247970429350421,-0.1930261328971201
Annual,2025-03-08,1.3208778267165908,75,False,62.33968211655828,-0.2148063284562343,-0.36363684613361524,1804.0283236551631,-1.1087884495470253,-0.2199727828717195,953.6279403790447,-0.5051808343491353,-0.10540490073014677,28.704279108520257,-0.2820419701327784,-0.05779959049703846,13.657286140422892,-1.0430078849755544,-0.1930261328971201
Annual,2025-10-08,1.3336206825054602,76,False,61.50399595222394,-0.35723918532573984,-0.36363684613361524,1986.0923384548246,-0.0786881796855442,-0.2199727828717195,874.1207928396229,-1.3713379008887105,-0.10540490073014677,39.43706588552005,0.15070255015095183,-0.05779959049703846,100.22768801353622,0.14235775475967452,-0.1930261328971201
Annual,2025-06-17,1.3502389711959182,77,False,64.29006071115879,0.1176127147947203,-0.36363684613361524,2088.243967350145,0.49927567883777657,-0.2199727828717195,998.6951700165378,-0.01421491961144952,-0.10540490073014677,56.70096180480439,0.8467805132228438,-0.05779959049703846,112.07764213183675,0.30461330793199876,-0.1930261328971201
Annual,2025-06-04,1.3546785589744694,78,False,62.34865624270499,-0.2132767944283477,-0.36363684613361524,2142.83048974956,0.8081208480290135,-0.2199727828717195,952.4100415663528,-0.5184487190059235,-0.10540490073014677,30.246492010302774,-0.21986015321758082,-0.05779959049703846,130.322899899826,0.5544365867702556,-0.1930261328971201
Annual,2025-11-22,1.3550453900610684,79,False,62.33721886681743,-0.2152261603413914,-0.36363684613361524,1975.5123023956492,-0.13854898200660273,-0.2199727828717195,1081.6624891138024,0.8896375257590518,-0.10540490073014677,40.605440413604995,0.19781125408527014,-0.05779959049703846,12.399359394670608,-1.0602320529296805,-0.1930261328971201
Annual,2025-03-10,1.3593712136203515,80,False,61.36372499957462,-0.38114671589681687,-0.36363684613361524,1857.4208245401614,-0.8066989365219703,-0.2199727828717195,909.7397973353657,-0.9833016877696903,-0.10540490073014677,17.78019225184669,-0.722499683916828,-0.05779959049703846,36.34974260291755,-0.7322913168434738,-0.1930261328971201
Annual,2025-05-14,1.361108201015636,81,False,60.10759084081124,-0.5952399777932305,-0.36363684613361524,1965.149160996777,-0.19718261569493728,-0.2199727828717195,920.0843245476826,-0.8706076014862317,-0.10540490073014677,61.28476451027566,1.0315988222108958,-0.05779959049703846,63.92768109522474,-0.3546802627625847,-0.1930261328971201
Annual,2025-03-02,1.3666767587520758,82,False,61.00031231217452,-0.4430861250890838,-0.36363684613361524,1786.3350120314444,-1.208895464644936,-0.2199727828717195,953.5856400109725,-0.5056416578581767,-0.10540490073014677,15.03893715628622,-0.8330267209251276,-0.05779959049703846,50.18704504326488,-0.5428239873114585,-0.1930261328971201
Annual,2025-01-30,1.3684363137311908,83,False,58.8405657329979,-0.8111894735886956,-0.36363684613361524,1814.7873503677013,-1.047914935732515,-0.2199727828717195,990.867687089614,-0.09948812913026965,-0.10540490073014677,41.48270190253327,0.23318231940850936,-0.05779959049703846,6.367261169652949,-1.1428265865893943,-0.1930261328971201
Annual,2025-02-14,1.3824646948208241,84,False,61.35819450186628,-0.38208932404581847,-0.36363684613361524,1817.000480878574,-1.035393261205029,-0.2199727828717195,927.9575113627961,-0.7848364902447483,-0.10540490073014677,38.565777015650895,0.11557230002541279,-0.05779959049703846,12.305680337766345,-1.061514753862268,-0.1930261328971201
Annual,2025-11-20,1.3870836953940229,85,False,58.222946477874544,-0.9164553960356793,-0.36363684613361524,1815.7023058052162,-1.042738207952825,-0.2199727828717195,912.879240654658,-0.9491003473850758,-0.10540490073014677,22.38599397407239,-0.5367943775300653,-0.05779959049703846,74.72208021341244,-0.20687790145389973,-0.1930261328971201
Annual,2025-11-08,1.3888328431247132,86,False,61.370236255531964,-0.3800369490640112,-0.36363684613361524,1975.4643562057495,-0.13882025682831217,-0.2199727828717195,1079.0375670282554,0.8610414198254932,-0.10540490073014677,10.241766105919137,-1.0264480129011158,-0.05779959049703846,92.01585293063506,0.029917163797528575,-0.1930261328971201
Annual,2025-01-18,1.3906478205138608,87,False,61.09578776874084,-0.426813458841829,-0.36363684613361524,1859.8070744401928,-0.7931977695358199,-0.2199727828717195,922.7085532904084,-0.842019048883446,-0.10540490073014677,30.67293429760657,-0.20266605751044853,-0.05779959049703846,1.3358172643494763,-1.2117196562131622,-0.1930261328971201
Annual,2025-04-09,1.393843922417832,88,False,58.43575831938125,-0.8801841259643303,-0.36363684613361524,1938.7351520044392,-0.3466304778717158,-0.2199727828717195,902.2826961661314,-1.0645399295319202,-0.10540490073014677,55.563890780958346,0.8009339623720183,-0.05779959049703846,72.02821447673584,-0.2437636708765343,-0.1930261328971201
Annual,2025-10-01,1.3948895304012279,89,False,63.16451561956081,-0.07422317979550143,-0.36363684613361524,1989.357609561624,-0.06021359725921367,-0.2199727828717195,914.1465432988725,-0.935294253534376,-0.10540490073014677,58.0455524434105,0.9009942270486435,-0.05779959049703846,40.82810411667057,-0.6709713304987626,-0.1930261328971201
Annual,2025-04-03,1.4002698472922774,90,False,60.45085876196337,-0.5367340065710091,-0.36363684613361524,1927.7366795255025,-0.40885875225687374,-0.2199727828717195,917.1152898176495,-0.9029524974082563,-0.10540490073014677,55.5495493610343,0.8003557182482725,-0.05779959049703846,22.93749508332101,-0.9159385798497861,-0.1930261328971201
Annual,2025-11-03,1.4086885348384521,91,False,58.12207413557157,-0.9336478978461826,-0.36363684613361524,1937.4027629335128,-0.3541690040490718,-0.2199727828717195,884.0536685850792,-1.2631283777924294,-0.10540490073014677,46.98416176964698,0.4550004418141626,-0.05779959049703846,90.00681187560686,0.0024083595882290853,-0.1930261328971201
Annual,2025-11-05,1.4157495327243215,92,False,58.10117849577947,-0.9372093133616302,-0.36363684613361524,1823.5872033786454,-0.998126233822972,-0.2199727828717195,913.2223622997968,-0.9453623534207934,-0.10540490073014677,40.504867824081366,0.1937561807933677,-0.05779959049703846,115.80393870084457,0.3556356414408485,-0.1930261328971201
Annual,2025-01-26,1.4164550014388242,93,False,63.29832230795461,-0.051417406875523645,-0.36363684613361524,1829.1475707063935,-0.9666662229518239,-0.2199727828717195,1049.9681247452252,0.5443566482918819,-0.10540490073014677,11.387624113772814,-0.9802471720361374,-0.05779959049703846,96.15846481263719,0.08663989671127399,-0.1930261328971201
Annual,2025-03-22,1.4173958876131212,94,False,58.80617260560099,-0.8170513767778202,-0.36363684613361524,1975.2900734098494,-0.1398063317277726,-0.2199727828717195,1042.7605575229497,0.4658368488104895,-0.10540490073014677,12.473122504895759,-0.9364800228049692,-0.05779959049703846,136.7762248476646,0.6427987693372949,-0.1930261328971201
Annual,2025-10-12,1.423995580002037,95,False,65.31753111113582,0.2927329341585922,-0.36363684613361524,2059.7597331895154,0.338114686491492,-0.2199727828717195,945.8713787020166,-0.589681422240014,-0.10540490073014677,49.398363808124905,0.5523407435192128,-0.05779959049703846,15.567676637839796,-1.0168498539959385,-0.1930261328971201
Annual,2025-11-12,1.4340041745310284,96,False,58.01548170310645,-0.9518153216048018,-0.36363684613361524,1809.192851020334,-1.0795680622100574,-0.2199727828717195,1041.9179837805318,0.4566577847431473,-0.10540490073014677,14.201661043915072,-0.8667855812399099,-0.05779959049703846,78.19656266975423,-0.15930353388140114,-0.1930261328971201
Annual,2025-02-26,1.4375583838016255,97,False,61.34699181330348,-0.3839986902705058,-0.36363684613361524,1843.8420816723471,-0.8835261267160711,-0.2199727828717195,888.1733006874622,-1.2182487843539518,-0.10540490073014677,46.01711993604599,0.4160094450608532,-0.05779959049703846,46.25348018038954,-0.5966843429207165,-0.1930261328971201
Annual,2025-01-13,1.439098302117738,98,False,64.60107614620541,0.1706216299052022,-0.36363684613361524,1793.3574216737509,-1.169163362309515,-0.2199727828717195,926.6668491061859,-0.7988970655348456,-0.10540490073014677,34.50084126034038,-0.04832536327166414,-0.05779959049703846,29.337110157411352,-0.8283118199847114,-0.1930261328971201
Annual,2025-11-06,1.4417923540510356,99,False,56.43773688205433,-1.220723330214136,-0.36363684613361524,1886.9834075797532,-0.6394367523918718,-0.2199727828717195,898.4938649239143,-1.1058157525985828,-0.10540490073014677,43.46732747577483,0.3132021557734425,-0.05779959049703846,88.33131805583812,-0.020533347514547017,-0.1930261328971201
Annual,2025-01-14,1.4546518050307646,100,False,60.28281444129015,-0.5653751803700835,-0.36363684613361524,1773.636121590836,-1.2807445364354613,-0.2199727828717195,905.4497125845542,-1.030038205654785,-0.10540490073014677,29.056515077241848,-0.2678398632170097,-0.05779959049703846,59.238491008403386,-0.4188870203476086,-0.1930261328971201
Annual,2025-12-22,1.4568203122156167,101,False,61.36039891973257,-0.3817136070029502,-0.36363684613361524,1824.1593397667789,-0.994889142470997,-0.2199727828717195,877.7701979158054,-1.3315809973495218,-0.10540490073014677,36.294903227995846,0.02401097412917761,-0.05779959049703846,67.96937501826281,-0.2993393494823387,-0.1930261328971201
Annual,2025-10-11,1.4708186662800182,102,False,63.60216345994202,0.0003687362474282851,-0.36363684613361524,1945.6066721879356,-0.3077520932377886,-0.2199727828717195,1072.8272804157587,0.7933860730909994,-0.10540490073014677,53.98095570425667,0.7371102328374379,-0.05779959049703846,19.9511296101296,-0.9568294033069907,-0.1930261328971201
Annual,2025-10-13,1.4714655345599121,103,False,64.32647948609626,0.12381986573177542,-0.36363684613361524,1925.324087798083,-0.42250895870879196,-0.2199727828717195,919.4393845653658,-0.8776336279563758,-0.10540490073014677,48.72615663062205,0.5252374404718501,-0.05779959049703846,4.5388016090357235,-1.1678627778268773,-0.1930261328971201
Annual,2025-03-20,1.4738869737498788,104,False,59.36377895958519,-0.7220139459860581,-0.36363684613361524,1912.4193107940387,-0.49552291640381335,-0.2199727828717195,909.0207970300893,-0.99113453317457,-0.10540490073014677,12.67226194583588,-0.9284507473120583,-0.05779959049703846,123.36927929598919,0.45922410355198084,-0.1930261328971201
Annual,2025-12-18,1.4782236864845657,105,False,58.22950963174716,-0.915336783814911,-0.36363684613361524,1761.1816322929994,-1.351210810623721,-0.2199727828717195,1032.9909372104355,0.3594058431339612,-0.10540490073014677,39.32449530959099,0.14616371965979957,-0.05779959049703846,32.93489790335109,-0.7790490941474418,-0.1930261328971201
Annual,2025-10-06,1.4858674603374553,106,False,60.80065753279576,-0.4771149289968515,-0.36363684613361524,2053.974599207312,0.3053829680197788,-0.2199727828717195,926.2896888962481,-0.803005878278922,-0.10540490073014677,50.861916086026454,0.6113509746520919,-0.05779959049703846,3.2686587561242693,-1.1852542148864311,-0.1930261328971201
Annual,2025-11-11,1.4874241825168042,107,False,58.46546742169013,-0.8751205596430516,-0.36363684613361524,1802.6626527610692,-1.1165152810029617,-0.2199727828717195,899.5046547405852,-1.0948041294981354,-0.10540490073014677,39.971738857551635,0.17226049251931436,-0.05779959049703846,100.5205459471321,0.14636771340948226,-0.1930261328971201
Annual,2025-04-12,1.4973164493004198,108,False,61.36801264763907,-0.38041593682073055,-0.36363684613361524,1994.5612732657128,-0.030771780369980857,-0.2199727828717195,971.2266247487128,-0.31345939419773844,-0.10540490073014677,8.36966278178886,-1.1019309673056938,-0.05779959049703846,151.36328535348414,0.8425321647497452,-0.1930261328971201
Annual,2025-05-31,1.5052136206820783,109,False,59.77208863323621,-0.6524223746670638,-0.36363684613361524,1963.7620728000104,-0.20503062414066575,-0.2199727828717195,1050.4837747375873,0.5499741795273482,-0.10540490073014677,54.807391787164356,0.7704320246212325,-0.05779959049703846,0.3097380600170529,-1.2257692506027693,-0.1930261328971201
Annual,2025-05-08,1.5053772496704934,110,False,58.14570968464708,-0.9296194970874057,-0.36363684613361524,1975.930995317729,-0.13618005867764021,-0.2199727828717195,1049.6842161264226,0.54126372565489,-0.10540490073014677,62.360266753361024,1.0749629280967443,-0.05779959049703846,40.144107018178644,-0.6803369640257884,-0.1930261328971201
Annual,2025-03-06,1.519827520975999,111,False,58.33627871527236,-0.8971392519652057,-0.36363684613361524,1896.7190783549388,-0.584353285712108,-0.2199727828717195,1015.3253207750056,0.16695523983771623,-0.10540490073014677,20.6823166012555,-0.6054864202153651,-0.05779959049703846,165.72514329011537,1.0391819729115876,-0.1930261328971201
Annual,2025-02-06,1.5245480107992588,112,False,60.14116645284473,-0.5895174104621306,-0.36363684613361524,1868.9669750211249,-0.7413719539252764,-0.2199727828717195,911.0603617792104,-0.9689153557196074,-0.10540490073014677,10.14587998081117,-1.0303141285776738,-0.05779959049703846,116.39215855940859,0.36368984465424786,-0.1930261328971201
Annual,2025-11-24,1.5251282832192354,113,False,59.56242249489033,-0.6881574967115793,-0.36363684613361524,1832.2305975710922,-0.9492227605036794,-0.2199727828717195,894.6475159268743,-1.147718178572445,-0.10540490073014677,31.75233197961969,-0.15914488805060853,-0.05779959049703846,19.53133308500306,-0.9625774692255781,-0.1930261328971201
Annual,2025-09-28,1.5521081416176374,114,False,68.3791158563351,0.814543968512834,-0.36363684613361524,2128.0086890631633,0.7242605590878364,-0.2199727828717195,1001.0759274271171,0.011721237309125632,-0.10540490073014677,42.29069063379898,0.2657603164535583,-0.05779959049703846,68.09367835466122,-0.2976373254570016,-0.1930261328971201
Annual,2025-01-17,1.5530375415590478,115,False,61.11679060618436,-0.423233772750186,-0.36363684613361524,1811.9173982337547,-1.0641528423332285,-0.2199727828717195,875.1278806435099,-1.3603666078042742,-0.10540490073014677,38.07130941977317,0.09563543301967793,-0.05779959049703846,52.957046349205015,-0.5048957312442667,-0.1930261328971201
Annual,2025-10-05,1.5562872305110915,116,False,63.24813084083155,-0.05997195086334139,-0.36363684613361524,2003.6146699684257,0.020451446783883706,-0.2199727828717195,1085.429685369033,0.93067765559004,-0.10540490073014677,52.454760126777096,0.6755742322852896,-0.05779959049703846,16.3698167825473,-1.005866546246228,-0.1930261328971201
Annual,2025-04-08,1.558729881102873,117,False,60.27594522280881,-0.5665459576959683,-0.36363684613361524,1933.864876387457,-0.3741860177892208,-0.2199727828717195,931.3221859714009,-0.7481814626272085,-0.10540490073014677,13.415429247613433,-0.8984863415914985,-0.05779959049703846,157.21567732458885,0.922666069672328,-0.1930261328971201
Annual,2025-04-19,1.56085204173355,118,False,61.31336843336441,-0.3897293990780946,-0.36363684613361524,1936.0568082496238,-0.3617842831289108,-0.2199727828717195,974.9926147093064,-0.2724324058346116,-0.10540490073014677,13.054597384156981,-0.9130350338276257,-0.05779959049703846,169.72029774425616,1.093885644292423,-0.1930261328971201
Annual,2025-01-05,1.5619049087642816,119,False,62.81683527371051,-0.1334811968003439,-0.36363684613361524,1829.5617584125002,-0.964322789691257,-0.2199727828717195,951.4302727567987,-0.5291223968353235,-0.10540490073014677,10.570463849551444,-1.0131949640572377,-0.05779959049703846,12.90008965782416,-1.0533758014179022,-0.1930261328971201
Annual,2025-06-08,1.5623716230391118,120,False,67.06066938478111,0.5898303073472959,-0.36363684613361524,2068.574690189884,0.38798884528607325,-0.2199727828717195,1027.7636014869327,0.3024588400504736,-0.10540490073014677,25.414955876062525,-0.41466704075641686,-0.05779959049703846,7.668963268641435,-1.1250030244027043,-0.1930261328971201
Annual,2025-09-20,1.563999166016511,121,False,66.84679903150136,0.5533786264204148,-0.36363684613361524,2074.3395851995388,0.4206060536438189,-0.2199727828717195,963.6167372652797,-0.39636210198358224,-0.10540490073014677,41.06855577891183,0.21648400336835544,-0.05779959049703846,150.0315525842412,0.8242974074676459,-0.1930261328971201
Annual,2025-04-25,1.5651239097966974,122,False,57.38487607344709,-1.0592946185271352,-0.36363684613361524,1946.7985629399245,-0.30100849271563057,-0.2199727828717195,1048.4999105068414,0.5283618078639872,-0.10540490073014677,38.75472563824774,0.12319068309244328,-0.05779959049703846,165.91318144374068,1.041756686225191,-0.1930261328971201
Annual,2025-06-13,1.565202464901775,123,False,62.47286335757877,-0.19210715566918193,-0.36363684613361524,2057.014850177356,0.32258440866764615,-0.2199727828717195,1120.8390741108676,1.3164302983367802,-0.10540490073014677,28.885672137677837,-0.2747282275776922,-0.05779959049703846,58.2371464730964,-0.4325979351638442,-0.1930261328971201
Annual,2025-09-15,1.567933323733874,124,False,66.77037563306487,0.5403531589237067,-0.36363684613361524,2053.584236768932,0.30317433577819236,-0.2199727828717195,931.5838843964269,-0.7453304995735264,-0.10540490073014677,45.331696870103364,0.3883732791679109,-0.05779959049703846,12.108934135957679,-1.0642087021670736,-0.1930261328971201
Annual,2025-12-23,1.5681487451926204,125,False,59.41403201950346,-0.7134489042322617,-0.36363684613361524,1769.895835058945,-1.3019067093673264,-0.2199727828717195,1044.0557907020188,0.4799472200863671,-0.10540490073014677,19.305067715997005,-0.6610169101566824,-0.05779959049703846,26.220330767458382,-0.8709883366179628,-0.1930261328971201
Annual,2025-12-04,1.574325135915248,126,False,57.40979973921722,-1.0550466734601875,-0.36363684613361524,1753.0159078615668,-1.3974116754661725,-0.2199727828717195,967.1438462972291,-0.35793750108887934,-0.10540490073014677,19.176588597375922,-0.666197170950953,-0.05779959049703846,106.73342127936075,0.23143753847020754,-0.1930261328971201
Annual,2025-10-03,1.5833923844819155,127,False,65.09125513307794,0.25416686070756417,-0.36363684613361524,2022.8009840313964,0.1290057226832748,-0.2199727828717195,927.5571057410847,-0.7891985403177382,-0.10540490073014677,8.751462199829017,-1.0865368660869439,-0.05779959049703846,126.21559895555953,0.49819734903954066,-0.1930261328971201
Annual,2025-12-19,1.5840165357979246,128,False,61.32777152851124,-0.3872745612728514,-0.36363684613361524,1816.2473974194415,-1.0396541332688152,-0.2199727828717195,876.1012915665409,-1.3497621932865471,-0.10540490073014677,28.82801377579396,-0.27705300497914537,-0.05779959049703846,39.942121325783916,-0.6831026540803842,-0.1930261328971201
Annual,2025-09-09,1.5889484769464575,129,False,66.35763451538791,0.4700063002018455,-0.36363684613361524,2069.977433729569,0.39592543012061987,-0.2199727828717195,930.3368481006954,-0.7589158102431567,-0.10540490073014677,26.50141532920311,-0.37086114163387107,-0.05779959049703846,5.478660210576734,-1.1549937594514144,-0.1930261328971201
Annual,2025-02-27,1.5930076395709918,130,False,60.35278710552718,-0.5534491644858918,-0.36363684613361524,1851.1810542859973,-0.8420029422573203,-0.2199727828717195,885.162761675425,-1.2510458311612986,-0.10540490073014677,18.317868125920715,-0.7008206649417261,-0.05779959049703846,30.19775586426494,-0.8165274245468207,-0.1930261328971201
Annual,2025-03-11,1.5993799091886352,131,False,57.18389014834908,-1.093550300533158,-0.36363684613361524,1812.6993459139608,-1.0597286593485562,-0.2199727828717195,1059.5513052425251,0.6487565640798929,-0.10540490073014677,47.599554539511765,0.4798129955818295,-0.05779959049703846,26.07871741746398,-0.8729273780868612,-0.1930261328971201
Annual,2025-09-30,1.6037764208060101,132,False,64.48913136389658,0.15154196120136115,-0.36363684613361524,2140.6270325799514,0.7956539043139713,-0.2199727828717195,1049.1448856429529,0.5353882173023123,-0.10540490073014677,32.25422102206867,-0.1389087893166172,-0.05779959049703846,8.084909009999615,-1.1193076853591954,-0.1930261328971201
Annual,2025-09-24,1.605409923350706,133,False,64.38007099221171,0.13295390629118045,-0.36363684613361524,2118.34353544361,0.6695760715315787,-0.2199727828717195,1073.629611572861,0.8021267312951501,-0.10540490073014677,50.77459123266103,0.6078300483014959,-0.05779959049703846,37.591012449994025,-0.7152952235537553,-0.1930261328971201
Annual,2025-01-24,1.6088897794467782,134,False,56.92055758403935,-1.1384322323421923,-0.36363684613361524,1824.199100888947,-0.9946641779566177,-0.2199727828717195,882.9226171365898,-1.275450140489842,-0.10540490073014677,31.14185221792674,-0.1837593499891313,-0.05779959049703846,71.602392870154,-0.24959423525162847,-0.1930261328971201
Annual,2025-11-29,1.6093936597445773,135,False,59.35304347676138,-0.7238436824992704,-0.36363684613361524,1959.3044170805351,-0.23025160130429573,-0.2199727828717195,1122.015612268895,1.3292475967956838,-0.10540490073014677,36.7467263176538,0.042228420375864474,-0.05779959049703846,30.00454000193627,-0.8191730336614914,-0.1930261328971201
Annual,2025-03-12,1.621871031447455,136,False,58.9861059490824,-0.7863838591714313,-0.36363684613361524,1831.5962251686528,-0.9528119770968897,-0.2199727828717195,905.5565121487048,-1.028874722872982,-0.10540490073014677,19.291335848616498,-0.6615705772038013,-0.05779959049703846,14.745478341679977,-1.0281078080798898,-0.1930261328971201
Annual,2025-10-24,1.6263996325536263,137,False,59.09086849569218,-0.7685283178888482,-0.36363684613361524,1890.6120921659447,-0.6189060122805375,-0.2199727828717195,1093.3867213949793,1.0173622266742448,-0.10540490073014677,20.285151394716973,-0.6215000679610952,-0.05779959049703846,138.71677542074607,0.6693697672965142,-0.1930261328971201
Annual,2025-09-26,1.6324084164124208,138,False,66.75068230689428,0.5369966635939374,-0.36363684613361524,2029.9484502649477,0.16944538289898878,-0.2199727828717195,928.315487335262,-0.7809366720799861,-0.10540490073014677,23.90659962688274,-0.4754837619892535,-0.05779959049703846,0.1469664156219655,-1.2279980021184655,-0.1930261328971201
Annual,2025-09-29,1.6365076064146349,139,False,63.93958304453107,0.057877927434076284,-0.36363684613361524,2174.518282256593,0.9874072580794966,-0.2199727828717195,909.8233176084927,-0.9823918113999908,-0.10540490073014677,45.465854228341065,0.3937824858203266,-0.05779959049703846,56.45482419254858,-0.4570023914743569,-0.1930261328971201
Annual,2025-05-16,1.6456703232898422,140,False,60.72351505494089,-0.49026295510497053,-0.36363684613361524,1980.9410718086008,-0.10783353918034895,-0.2199727828717195,1060.5824734509729,0.6599901909697914,-0.10540490073014677,10.790687943796403,-1.0043155581770071,-0.05779959049703846,155.66692213062726,0.9014597318067104,-0.1930261328971201
Annual,2025-10-18,1.647516471944647,141,False,62.88175955302302,-0.122415618623589,-0.36363684613361524,2036.7264944353701,0.20779488945451557,-0.2199727828717195,1075.6694263162262,0.8243486322069064,-0.10540490073014677,10.946660511539609,-0.9980267652094529,-0.05779959049703846,137.90457647683937,0.6582487293908872,-0.1930261328971201
Annual,2025-04-02,1.6534399830457012,142,False,60.48812363106977,-0.5303826488553758,-0.36363684613361524,1969.0752608903756,-0.17496912905756282,-0.2199727828717195,940.2365969153155,-0.6510671745151749,-0.10540490073014677,71.17245349887456,1.430269113253615,-0.05779959049703846,43.73753031524533,-0.6311339984254885,-0.1930261328971201
Annual,2025-12-12,1.6567288121612884,143,False,58.21106956075211,-0.9184796765715408,-0.36363684613361524,1823.9891306114944,-0.9958521691129416,-0.2199727828717195,1034.4091849058645,0.37485634414571295,-0.10540490073014677,31.49501010104862,-0.1695200716086549,-0.05779959049703846,167.8758816132606,1.0686309676390788,-0.1930261328971201
Annual,2025-09-02,1.6700407260007704,144,False,67.29531088929548,0.6298221861822912,-0.36363684613361524,2060.5834158682187,0.34277500198846805,-0.2199727828717195,930.1991705927054,-0.7604156797535047,-0.10540490073014677,42.43545836506972,0.27159733192055446,-0.05779959049703846,4.630928844090618,-1.1666013252223493,-0.1930261328971201
Annual,2025-09-10,1.670110111880426,145,False,66.43369237249615,0.48296946548761777,-0.36363684613361524,2117.00752155876,0.6620170365139381,-0.2199727828717195,1086.4878038847946,0.9422048812298339,-0.10540490073014677,41.094604519187,0.21753428507510952,-0.05779959049703846,50.29522023966056,-0.5413427979198812,-0.1930261328971201
Annual,2025-04-23,1.6704090661965356,146,False,55.65469088388595,-1.3541842912056297,-0.36363684613361524,1862.2230021786236,-0.779528688262061,-0.2199727828717195,1079.946209041986,0.8709402367935828,-0.10540490073014677,48.68282257215679,0.5234902170589445,-0.05779959049703846,42.68034403134766,-0.6456095266501168,-0.1930261328971201
Annual,2025-05-02,1.680167603907304,147,False,57.56304595807395,-1.0289276616974405,-0.36363684613361524,1997.5229838889154,-0.014014713271522464,-0.2199727828717195,914.0903569106017,-0.9359063524305159,-0.10540490073014677,65.64080626077616,1.207233840107262,-0.05779959049703846,91.7160771672358,0.02581248273020814,-0.1930261328971201
Annual,2025-09-19,1.6844749610598033,148,False,67.19814266877162,0.6132610082702902,-0.36363684613361524,2025.6080514842317,0.1448878339498359,-0.2199727828717195,1103.045219737852,1.1225826609464211,-0.10540490073014677,40.62850042681318,0.19874103071839014,-0.05779959049703846,106.39322325731446,0.22677937543394688,-0.1930261328971201
Annual,2025-02-15,1.6888847864785004,149,False,62.72163589043076,-0.1497068096098492,-0.36363684613361524,1844.6749463627684,-0.8788138603008484,-0.2199727828717195,929.1689934293506,-0.7716385101208627,-0.10540490073014677,11.210956402716716,-0.9873703904004891,-0.05779959049703846,0.3816650198569496,-1.2247843903627786,-0.1930261328971201
Annual,2025-09-17,1.6921603782354628,150,False,68.0228929354531,0.7538299702811669,-0.36363684613361524,2074.7977038549084,0.42319804388990956,-0.2199727828717195,918.4731484906903,-0.8881598791165083,-0.10540490073014677,53.1331077244696,0.7029251162493818,-0.05779959049703846,82.88886676602446,-0.09505413770717529,-0.1930261328971201
Annual,2025-12-27,1.6948963253428648,151,False,61.682280582747765,-0.32685267141036356,-0.36363684613361524,1905.6528344049505,-0.5338069735915058,-0.2199727828717195,1130.834873126267,1.4253253124435892,-0.10540490073014677,29.12959566267832,-0.26489326383477535,-0.05779959049703846,30.311990148934015,-0.8149632710602177,-0.1930261328971201
Annual,2025-01-11,1.706361012556459,152,False,65.74002551872778,0.36474212618900603,-0.36363684613361524,1829.972187102181,-0.9620006245755192,-0.2199727828717195,1052.3255245398934,0.5700383455229193,-0.10540490073014677,15.793266468531314,-0.8026122644427722,-0.05779959049703846,141.84973501166766,0.7122678314085484,-0.1930261328971201
Annual,2025-10-26,1.707079679707528,153,False,60.9543973354236,-0.45091179169795953,-0.36363684613361524,2097.9911921088087,0.5544245168184647,-0.2199727828717195,989.1351912773137,-0.11836207363733621,-0.10540490073014677,16.533514497110158,-0.7727655634252127,-0.05779959049703846,173.59389380050627,1.1469248767315048,-0.1930261328971201
Annual,2025-12-13,1.7158683822323837,154,False,57.33988685723941,-1.0669625001629215,-0.36363684613361524,1854.7366096381834,-0.8218859601517434,-0.2199727828717195,936.722776832273,-0.6893470045640008,-0.10540490073014677,8.995737203281646,-1.0766877307800777,-0.05779959049703846,137.1904399113596,0.6484704110686621,-0.1930261328971201
Annual,2025-12-30,1.7220615605833391,155,False,58.63454610983653,-0.8463030900997781,-0.36363684613361524,1809.8558667958248,-1.0758167842323254,-0.2199727828717195,915.6642458141222,-0.9187602839584134,-0.10540490073014677,31.69182097484683,-0.1615846836299294,-0.05779959049703846,159.88755438604258,0.9592507590548042,-0.1930261328971201
Annual,2025-06-18,1.7248217454732073,156,False,62.36179326219158,-0.21103774429675176,-0.36363684613361524,2067.861300304348,0.3839525555534973,-0.2199727828717195,954.6305452493649,-0.4942583786926269,-0.10540490073014677,67.62982074789358,1.2874306368897674,-0.05779959049703846,17.943400888255443,-0.9843202383883316,-0.1930261328971201
Annual,2025-11-10,1.7258184237420509,157,False,58.38358450221073,-0.8890765381527068,-0.36363684613361524,1818.1112508808953,-1.0291086338974074,-0.2199727828717195,895.9816298877349,-1.133184237027183,-0.10540490073014677,33.2952333955612,-0.09693531033706176,-0.05779959049703846,148.39293132525694,0.8018605780789297,-0.1930261328971201
Annual,2025-05-23,1.7268828412956998,158,False,58.29052128370074,-0.90493806685518,-0.36363684613361524,1961.7227121166388,-0.2165691260933858,-0.2199727828717195,1049.58355835092,0.5401671519976529,-0.10540490073014677,19.84690724838038,-0.6391700130381739,-0.05779959049703846,177.30822033120506,1.1977833104338291,-0.1930261328971201
Annual,2025-03-25,1.7307799772456283,159,False,56.89206710919497,-1.1432880979755387,-0.36363684613361524,1846.1020515593696,-0.8707394396100976,-0.2199727828717195,1033.51869942671,0.36515532588143584,-0.10540490073014677,7.529170341043369,-1.1358195095482317,-0.05779959049703846,131.3869030484608,0.5690054549477461,-0.1930261328971201
Annual,2025-04-05,1.7344985037100182,160,False,62.25123061226943,-0.22988184482582874,-0.36363684613361524,1870.5622212009241,-0.7323462081066154,-0.2199727828717195,1114.8725489852886,1.2514305082532062,-0.10540490073014677,22.9873959544784,-0.512545930512912,-0.05779959049703846,135.9700079089009,0.6317596400655637,-0.1930261328971201
Annual,2025-10-20,1.7398523632198746,161,False,60.50304362776468,-0.5278397112737383,-0.36363684613361524,1964.0281474867988,-0.20352519976031427,-0.2199727828717195,903.3388950919662,-1.0530336160545097,-0.10540490073014677,19.018076996571615,-0.6725883373902661,-0.05779959049703846,171.6233304453598,1.1199429286109956,-0.1930261328971201
Annual,2025-01-23,1.7440881674300663,162,False,58.24575075986642,-0.9125686749535519,-0.36363684613361524,1791.4653219238792,-1.1798686763996846,-0.2199727828717195,902.2192207932463,-1.0652314351949592,-0.10540490073014677,40.15405527437276,0.17961146594088456,-0.05779959049703846,8.738985443890249,-1.1103517406746497,-0.1930261328971201
Annual,2025-11-09,1.757708419726817,163,False,62.0361968495135,-0.26653181518536306,-0.36363684613361524,1894.9781702621754,-0.5942031722925669,-0.2199727828717195,972.0701201870326,-0.30427028910335263,-0.10540490073014677,28.21443940151314,-0.3017922412812725,-0.05779959049703846,198.83179304317963,1.4924949322478578,-0.1930261328971201
Annual,2025-05-22,1.7592340187812663,164,False,58.66619249105185,-0.8409093374226945,-0.36363684613361524,2025.2087667236408,0.14262872008766553,-0.2199727828717195,1079.2889388275762,0.8637798838133073,-0.10540490073014677,62.746098393121855,1.0905196079533117,-0.05779959049703846,25.2576664082319,-0.884169622939093,-0.1930261328971201
Annual,2025-03-13,1.7660519262241308,165,False,58.206190148672,-0.9193113148492511,-0.36363684613361524,1809.2290975901506,-1.0793629826868434,-0.2199727828717195,895.8195209488745,-1.134950264450989,-0.10540490073014677,17.13836484954829,-0.7483780785112106,-0.05779959049703846,129.14008576397265,0.5382408985847172,-0.1930261328971201
Annual,2025-05-24,1.7706687861445984,166,False,61.52695070972708,-0.35332681746630096,-0.36363684613361524,2016.418784684498,0.09289586716468663,-0.2199727828717195,981.2965488278487,-0.2037568558651193,-0.10540490073014677,9.895910450176698,-1.0403928664551256,-0.05779959049703846,180.60901890796148,1.2429795106583448,-0.1930261328971201
Annual,2025-09-13,1.7856038572513795,167,False,67.47884878586575,0.6611040573774984,-0.36363684613361524,2179.469215770471,1.015419152436125,-0.2199727828717195,985.2681682993614,-0.16048972357174654,-0.10540490073014677,29.031389254351687,-0.26885293301884694,-0.05779959049703846,130.60627867978994,0.5583167520638356,-0.1930261328971201
Annual,2025-12-10,1.7932588587880216,168,False,56.25639313058923,-1.2516312352375272,-0.36363684613361524,1856.9154636525718,-0.80955821866653,-0.2199727828717195,878.7777919583051,-1.3206041892621538,-0.10540490073014677,31.252654075502655,-0.17929183398424903,-0.05779959049703846,19.723680314250537,-0.9599437538735064,-0.1930261328971201
Annual,2025-01-22,1.8066405701186776,169,False,58.26696719763009,-0.908952583204946,-0.36363684613361524,1829.1128608232573,-0.9668626080531016,-0.2199727828717195,885.0802547032714,-1.25194466855116,-0.10540490073014677,25.642942392492312,-0.40547465505702013,-0.05779959049703846,3.6824486785366326,-1.1795883944041,-0.1930261328971201
Annual,2025-11-14,1.8081577354995777,170,False,58.73457038007397,-0.8292551321770162,-0.36363684613361524,1864.8938822106013,-0.7644171120138094,-0.2199727828717195,894.1075467537767,-1.1536006448596452,-0.10540490073014677,35.29293201426533,-0.016388370536190317,-0.05779959049703846,169.7101743944211,1.093747030276618,-0.1930261328971201
Annual,2025-04-04,1.8117770796479702,171,False,58.44091025712983,-0.8793060388985614,-0.36363684613361524,1855.8271709481744,-0.8157156716355949,-0.2199727828717195,1057.9532808173453,0.6313475613523579,-0.10540490073014677,62.079324746293594,1.0636353841324424,-0.05779959049703846,7.95518463383593,-1.1210839369973236,-0.1930261328971201
Annual,2025-12-15,1.8150855755786426,172,False,59.31285870710652,-0.7306927028478883,-0.36363684613361524,1767.2410524333138,-1.316927208075407,-0.2199727828717195,865.6788789237829,-1.4633047695239878,-0.10540490073014677,34.78445862201662,-0.036889949369122106,-0.05779959049703846,51.27405469862464,-0.527940102431122,-0.1930261328971201
Annual,2025-11-15,1.8339855749586174,173,False,57.64019530013825,-1.0157784656657292,-0.36363684613361524,1840.9463762664118,-0.8999097427940513,-0.2199727828717195,1123.4393758342976,1.344758188125144,-0.10540490073014677,44.658425157953474,0.36122705422666085,-0.05779959049703846,43.29012509112255,-0.6372600965865032,-0.1930261328971201
Annual,2025-04-16,1.8359341270613336,174,False,58.00176830995017,-0.9541526078349496,-0.36363684613361524,1993.1756273781866,-0.03861162837203533,-0.2199727828717195,891.5397112426213,-1.1815748451992527,-0.10540490073014677,14.518488277403263,-0.8540111497695594,-0.05779959049703846,155.63553658372692,0.9010299850563777,-0.1930261328971201
Annual,2025-06-25,1.8510830452879565,175,False,65.81514214093805,0.3775448690803149,-0.36363684613361524,2075.459711214792,0.426943616351425,-0.2199727828717195,973.1367895813031,-0.2926499095261476,-0.10540490073014677,71.70945418098145,1.4519209085793525,-0.05779959049703846,47.987010840260815,-0.5729479661085725,-0.1930261328971201
Annual,2025-04-27,1.8527461308643856,176,False,59.50442355191028,-0.6980427329361616,-0.36363684613361524,2027.368801036779,0.15484998155617713,-0.2199727828717195,1098.436106650351,1.0723706234784731,-0.10540490073014677,57.95632369632972,0.8973965359593414,-0.05779959049703846,7.192106215002513,-1.1315323918795637,-0.1930261328971201
Annual,2025-03-31,1.8667378411598108,177,False,58.02858948322263,-0.9495812549792619,-0.36363684613361524,1845.1745690056207,-0.8759870445800298,-0.2199727828717195,923.2005081185281,-0.8366596546153666,-0.10540490073014677,66.60573064751344,1.2461394616876267,-0.05779959049703846,25.344669452178856,-0.8829783333457022,-0.1930261328971201
Annual,2025-04-11,1.8779573794921653,178,False,59.16517147655117,-0.7558642505758555,-0.36363684613361524,1884.535582886985,-0.6532863034927242,-0.2199727828717195,943.7400447341839,-0.6129003407212584,-0.10540490073014677,72.25281025260057,1.4738289523560122,-0.05779959049703846,20.033041603115095,-0.955707822953124,-0.1930261328971201
Annual,2025-05-28,1.8818569412840445,179,False,58.3610959949818,-0.8929094391483793,-0.36363684613361524,1882.5302791798376,-0.6646321144271894,-0.2199727828717195,897.7554948943233,-1.1138596132909082,-0.10540490073014677,59.343430241649365,0.9533244854293829,-0.05779959049703846,1.8233155571143325,-1.2050445835189172,-0.1930261328971201
Annual,2025-04-06,1.8901348186046585,180,False,64.05096350705136,0.07686141448133281,-0.36363684613361524,1969.2819637001762,-0.17379962491150167,-0.2199727828717195,957.6104236917311,-0.4617953505226798,-0.10540490073014677,77.64553466183145,1.6912628757146693,-0.05779959049703846,43.88232119862279,-0.6291514485656171,-0.1930261328971201
Annual,2025-06-22,1.903916304093911,181,False,66.78371132114493,0.5426260697754459,-0.36363684613361524,2180.674859184961,1.0222405641686392,-0.2199727828717195,1038.6523690712247,0.4210819233948394,-0.10540490073014677,48.22102151173046,0.5048704603719891,-0.05779959049703846,16.101089112339473,-1.0095461011497313,-0.1930261328971201
Annual,2025-09-08,1.9253870043735708,182,False,69.44591217290682,0.9963668268441147,-0.36363684613361524,2076.1781666552497,0.43100856649499475,-0.2199727828717195,1048.6921614027112,0.5304562041184079,-0.10540490073014677,37.14765761497726,0.05839391639585288,-0.05779959049703846,2.1224404107570303,-1.2009488150365368,-0.1930261328971201
Annual,2025-04-07,1.926571676838967,183,False,58.37020486049471,-0.8913569403836343,-0.36363684613361524,1849.01985217122,-0.8542308110325258,-0.2199727828717195,907.5214728110187,-1.0074682881585226,-0.10540490073014677,70.59187695090824,1.4068603448733397,-0.05779959049703846,56.1424921224089,-0.46127899983149023,-0.1930261328971201
Annual,2025-02-22,1.9454793017976153,184,False,62.54663038799005,-0.1795344347930049,-0.36363684613361524,1866.7625358844084,-0.7538444535135316,-0.2199727828717195,1039.7664327045,0.43321861950832596,-0.10540490073014677,0.0,-1.439394645723637,-0.05779959049703846,157.94191410962358,0.9326100703084081,-0.1930261328971201
Annual,2025-06-12,1.9565222791124985,185,False,63.2353039185563,-0.06215814858023494,-0.36363684613361524,2081.975335253678,0.463808375640392,-0.2199727828717195,1125.9922140824876,1.3725690071122791,-0.10540490073014677,25.083762344865555,-0.4280207194194501,-0.05779959049703846,4.622897482094758,-1.166711294684708,-0.1930261328971201
Annual,2025-06-11,1.9637339827011444,186,False,61.10735694651648,-0.424841628850449,-0.36363684613361524,2142.4051240918516,0.8057141710188563,-0.2199727828717195,992.3000659485592,-0.08388368212099781,-0.10540490073014677,69.70629245596717,1.3711536970663374,-0.05779959049703846,12.14492182735956,-1.0637159405312466,-0.1930261328971201
Annual,2025-10-23,1.977868171776006,187,False,58.95712578541454,-0.7913231864930067,-0.36363684613361524,2003.3905001303528,0.01918311591164774,-0.2199727828717195,909.701451679715,-0.9837194283331594,-0.10540490073014677,6.11598830484527,-1.192798819305756,-0.05779959049703846,168.46481762813065,1.0766949768261076,-0.1930261328971201
Annual,2025-02-28,1.9787393338491182,188,False,57.45456015577749,-1.0474177880275477,-0.36363684613361524,1823.7428127597302,-0.9972458112659676,-0.2199727828717195,868.8400967461359,-1.4288662160047048,-0.10540490073014677,42.02184991705752,0.2549206948886978,-0.05779959049703846,2.9074526225062507,-1.1902000315903891,-0.1930261328971201
Annual,2025-05-12,1.98467132191964,189,False,59.52767085351437,-0.6940805043827959,-0.36363684613361524,1918.4790284591597,-0.4612376304894372,-0.2199727828717195,1012.0337842360759,0.13109698405569917,-0.10540490073014677,79.13967396696056,1.7515063716742438,-0.05779959049703846,27.179499313427876,-0.8578549167364946,-0.1930261328971201
Annual,2025-09-12,1.988984517319861,190,False,68.5504997787863,0.8437543380726437,-0.36363684613361524,2079.125779987819,0.4476858725110575,-0.2199727828717195,1103.426301724256,1.1267341978292047,-0.10540490073014677,49.894454718472005,0.5723430623461676,-0.05779959049703846,102.7904468902187,0.17744834287775202,-0.1930261328971201
Annual,2025-03-24,2.0010850920577075,191,False,59.54501693520102,-0.6911240692094448,-0.36363684613361524,1785.197463148972,-1.215331604219826,-0.2199727828717195,1045.4232201175755,0.4948441027935631,-0.10540490073014677,7.645834408987892,-1.1311156300092111,-0.05779959049703846,161.9632397141049,0.9876720902898597,-0.1930261328971201
Annual,2025-10-19,2.001738557531837,192,False,64.58904660915313,0.1685713371011573,-0.36363684613361524,2004.9640889206764,0.028086326353024535,-0.2199727828717195,994.0094013220632,-0.0652620492406021,-0.10540490073014677,6.7928700045020705,-1.165507040153436,-0.05779959049703846,189.66351242106117,1.36695820618716,-0.1930261328971201
Annual,2025-04-24,2.0104471185294646,193,False,56.45727953379857,-1.2173925155644105,-0.36363684613361524,1892.7509356830433,-0.6068046462495887,-0.2199727828717195,905.1003567151196,-1.0338441157447906,-0.10540490073014677,71.84681215281566,1.4574591635417935,-0.05779959049703846,70.39107700216093,-0.2661801835401623,-0.1930261328971201
Annual,2025-04-30,2.0123415465062977,194,False,60.57431971127576,-0.5156915429370768,-0.36363684613361524,1895.9721110310402,-0.5885795532849304,-0.2199727828717195,923.3725892241489,-0.8347849896290834,-0.10540490073014677,77.8672344485419,1.7002017813167645,-0.05779959049703846,37.92826817707388,-0.7106773479053284,-0.1930261328971201
Annual,2025-05-17,2.015570780398077,195,False,59.33943926831785,-0.7261623594820393,-0.36363684613361524,2071.664831248528,0.405472559143102,-0.2199727828717195,1133.0569646424376,1.4495329507351593,-0.10540490073014677,60.076695502206235,0.9828896421788313,-0.05779959049703846,90.16632954044871,0.004592555973403354,-0.1930261328971201
Annual,2025-06-23,2.018970291046219,196,False,61.17854207860712,-0.41270896211139957,-0.36363684613361524,2128.780260252105,0.7286260329065968,-0.2199727828717195,1081.716165396726,0.8902222793717601,-0.10540490073014677,62.55157980764773,1.0826766447317129,-0.05779959049703846,7.143886644800951,-1.1321926385740806,-0.1930261328971201
Annual,2025-11-04,2.020701656434199,197,False,54.57495357284792,-1.5382127895142559,-0.36363684613361524,1808.3273955295394,-1.0844647241649288,-0.2199727828717195,899.8995359179996,-1.0905022631522028,-0.10540490073014677,27.14876844745721,-0.344759950914851,-0.05779959049703846,6.314369313519013,-1.143550808581281,-0.1930261328971201
Annual,2025-04-20,2.024105855574705,198,False,60.46852550569786,-0.5337229183310956,-0.36363684613361524,1958.281096613407,-0.2360414477520045,-0.2199727828717195,1163.6773304698115,1.783113604326794,-0.10540490073014677,41.516817070193305,0.2345578383832343,-0.05779959049703846,28.638007938366428,-0.8378842804468116,-0.1930261328971201
Annual,2025-06-26,2.0262646101859807,199,False,64.31753382317474,0.1222951829251401,-0.36363684613361524,2089.5062927604704,0.5064177917218637,-0.2199727828717195,992.3845159460388,-0.0829636772616868,-0.10540490073014677,73.09469143131301,1.507773488326721,-0.05779959049703846,6.81733244452996,-1.1366639835157366,-0.1930261328971201
Annual,2025-01-08,2.030344917833359,200,False,62.14321038545519,-0.2482926193025122,-0.36363684613361524,1825.3238222022214,-0.9883006155052577,-0.2199727828717195,878.7783031484156,-1.320598620317219,-0.10540490073014677,11.91985861544234,-0.958787548465025,-0.05779959049703846,156.73721578179112,0.916114732720024,-0.1930261328971201
Annual,2025-09-25,2.0321278499529902,201,False,66.645344429715,0.5190430639969343,-0.36363684613361524,2195.2333222841844,1.1046109149695946,-0.2199727828717195,922.4236377324214,-0.8451229411944505,-0.10540490073014677,32.610919502186725,-0.12452675454113714,-0.05779959049703846,1.102250859964252,-1.2149177653170167,-0.1930261328971201
Annual,2025-05-21,2.056186474155696,202,False,59.85339752086654,-0.6385642331202379,-0.36363684613361524,2111.200015449246,0.6291587387486434,-0.2199727828717195,1085.8769295174718,0.9355499682264187,-0.10540490073014677,12.92401891476745,-0.918299940162712,-0.05779959049703846,168.32245953110922,1.0747457379049967,-0.1930261328971201
Annual,2025-05-03,2.073319513959368,203,False,61.46645941227976,-0.36363684613361524,-0.36363684613361524,2078.1007337154565,0.44188626162725386,-0.2199727828717195,992.9250944644615,-0.07707457271899003,-0.10540490073014677,4.196627422433706,-1.2701871921084746,-0.05779959049703846,188.6373357404081,1.3529072771025685,-0.1930261328971201
Annual,2025-09-21,2.079510575341498,204,False,66.51812437289698,0.49735990479550757,-0.36363684613361524,2254.032890445665,1.4372930822695351,-0.2199727828717195,1018.5680974149471,0.20228230147707613,-0.10540490073014677,52.117519702247805,0.6619767436958437,-0.05779959049703846,110.28126895866673,0.28001645970737227,-0.1930261328971201
Annual,2025-05-01,2.0941058403177983,205,False,60.961057251148674,-0.4497766875599271,-0.36363684613361524,2007.3386788126834,0.041521522161808024,-0.2199727828717195,935.699597758748,-0.7004935971949291,-0.10540490073014677,5.488539016104383,-1.2180974902940231,-0.05779959049703846,193.70028900812622,1.422231788821188,-0.1930261328971201
Annual,2025-05-07,2.0961904806793337,206,False,59.46835639003888,-0.704189955570403,-0.36363684613361524,1883.5583949389322,-0.6588151366896747,-0.2199727828717195,925.8004961780935,-0.8083351819056086,-0.10540490073014677,75.60006468975212,1.6087898013665285,-0.05779959049703846,9.84933659730677,-1.095148252221062,-0.1930261328971201
Annual,2025-09-01,2.096435358660545,207,False,67.87909221177588,0.7293208318421418,-0.36363684613361524,2206.8477915542635,1.1703244385484926,-0.2199727828717195,934.0544252572608,-0.7184162347431217,-0.10540490073014677,57.21908335737825,0.8676711045833023,-0.05779959049703846,89.45130947602946,-0.005197859662256064,-0.1930261328971201
Annual,2025-05-26,2.0974992379001756,208,False,58.42146997163889,-0.8826194064269547,-0.36363684613361524,1961.1211362932029,-0.2199727828717195,-0.2199727828717195,932.4630743631902,-0.735752535502244,-0.10540490073014677,74.69944481490921,1.5724769290627492,-0.05779959049703846,0.0111200679316921,-1.2298580788808628,-0.1930261328971201
Annual,2025-05-18,2.1028310175583806,209,False,59.39970102009574,-0.7158914541685317,-0.36363684613361524,2073.576109228818,0.416286381772705,-0.2199727828717195,1131.7618008945544,1.4354233358480366,-0.10540490073014677,61.59935984063441,1.0442832636470516,-0.05779959049703846,35.449664636402694,-0.7446156386844797,-0.1930261328971201
Annual,2025-05-30,2.113959906683649,210,False,58.7458668568599,-0.8273297808551338,-0.36363684613361524,1966.05384050932,-0.1920640280869789,-0.2199727828717195,905.2509597753336,-1.0322034342603719,-0.10540490073014677,73.78032948962192,1.5354183226829756,-0.05779959049703846,8.174058814618256,-1.118087001235089,-0.1930261328971201
Annual,2025-10-21,2.119269025985533,211,False,57.80412188725932,-0.9878391110168224,-0.36363684613361524,1973.3797395100746,-0.1506148128427741,-0.2199727828717195,882.0966811427935,-1.2844479516260212,-0.10540490073014677,7.24359156372222,-1.1473340074659477,-0.05779959049703846,165.76359021547512,1.039708407620089,-0.1930261328971201
Annual,2025-03-17,2.120430119911039,212,False,58.06980208732451,-0.9425570523637522,-0.36363684613361524,1953.4368834406025,-0.2634495289264386,-0.2199727828717195,886.0436484923061,-1.2414493814724852,-0.10540490073014677,0.0,-1.439394645723637,-0.05779959049703846,147.28272499655245,0.7866590726384008,-0.1930261328971201
Annual,2025-05-25,2.131849530054195,213,False,60.85008055552944,-0.4686913572979095,-0.36363684613361524,2130.822977470193,0.7401835258022607,-0.2199727828717195,935.4449527169115,-0.7032677201420088,-0.10540490073014677,76.71872417102644,1.6538940012955077,-0.05779959049703846,34.13003018014928,-0.7626847397583804,-0.1930261328971201
Annual,2025-05-29,2.139976188988685,214,False,58.09854689391264,-0.9376578388823732,-0.36363684613361524,1957.0864527850563,-0.24280062490915222,-0.2199727828717195,900.1791675483729,-1.087455934360748,-0.10540490073014677,75.03002283083399,1.5858057902327372,-0.05779959049703846,19.940681415590895,-0.9569724652604468,-0.1930261328971201
Annual,2025-02-23,2.141026374255953,215,False,63.96238140350861,0.061763639008222064,-0.36363684613361524,1932.9423518119468,-0.37940557100643674,-0.2199727828717195,961.418124843371,-0.42031395719098597,-0.10540490073014677,0.0,-1.439394645723637,-0.05779959049703846,188.15744547780469,1.346336377397524,-0.1930261328971201
Annual,2025-04-26,2.152819053266595,216,False,62.28069721063801,-0.22485961044289374,-0.36363684613361524,2013.1586913366752,0.07445057998884858,-0.2199727828717195,951.9816791262464,-0.52311533283903,-0.10540490073014677,81.58918886435804,1.8502704831046244,-0.05779959049703846,14.045009191948562,-1.0376989852469214,-0.1930261328971201
Annual,2025-03-27,2.1555693424553577,217,False,57.77336562690293,-0.9930811530849384,-0.36363684613361524,1863.0644953769638,-0.7747676025985887,-0.2199727828717195,896.8982414666851,-1.1231985989939977,-0.10540490073014677,5.553709049205597,-1.2154698433187103,-0.05779959049703846,167.1377312715823,1.0585238405719468,-0.1930261328971201
Annual,2025-06-27,2.1646819605819316,218,False,66.22832838570847,0.44796759446875134,-0.36363684613361524,2120.503347434176,0.6817960751208653,-0.2199727828717195,1096.1528389409455,1.0474965269663004,-0.10540490073014677,58.80157690866809,0.9314770318726217,-0.05779959049703846,6.2140944518126355,-1.1449238226025185,-0.1930261328971201
Annual,2025-01-03,2.166893435569924,219,False,60.86817634330096,-0.4656071435588259,-0.36363684613361524,1788.4565144665828,-1.1968922127483295,-0.2199727828717195,882.6479609947972,-1.2784422659206298,-0.10540490073014677,15.599650092861976,-0.8104188506863055,-0.05779959049703846,173.395749150738,1.1442117801713556,-0.1930261328971201
Annual,2025-02-12,2.187850056228244,220,False,60.13523410088266,-0.5905285099322116,-0.36363684613361524,1856.8654993891976,-0.8098409115492607,-0.2199727828717195,920.9002755768875,-0.8617185673331,-0.10540490073014677,0.0,-1.439394645723637,-0.05779959049703846,176.57296562561748,1.1877158318776526,-0.1930261328971201
Annual,2025-01-29,2.1890631580779885,221,False,61.39762143909097,-0.37536946730270687,-0.36363684613361524,1797.1280976002079,-1.14782924917531,-0.2199727828717195,974.5345306424838,-0.2774228093873344,-0.10540490073014677,0.0,-1.439394645723637,-0.05779959049703846,178.82486676689408,1.2185499989739572,-0.1930261328971201
Annual,2025-05-13,2.204169961286452,222,False,61.16885777696901,-0.4143595371812893,-0.36363684613361524,1902.8712623526058,-0.5495448343923472,-0.2199727828717195,1105.4574689445797,1.1488618919504725,-0.10540490073014677,76.00508908692477,1.6251203306222939,-0.05779959049703846,33.03801591891154,-0.7776371502285238,-0.1930261328971201
Annual,2025-09-05,2.2256469893142485,223,False,69.52381028245775,1.0096436414685501,-0.36363684613361524,2092.9961874533615,0.526163272282045,-0.2199727828717195,1052.7786185913317,0.5749743874588434,-0.10540490073014677,61.080202882617655,1.0233509248783015,-0.05779959049703846,7.258680706330459,-1.1306208203401518,-0.1930261328971201
Annual,2025-02-21,2.2302564662396573,224,False,62.41452650540096,-0.202049984533745,-0.36363684613361524,1967.078809291533,-0.18626485563481196,-0.2199727828717195,883.3484076648941,-1.2708115452645063,-0.10540490073014677,0.0,-1.439394645723637,-0.05779959049703846,170.38977758738724,1.1030525002313163,-0.1930261328971201
Annual,2025-03-18,2.2367645486402696,225,False,62.53077940774894,-0.18223604754702483,-0.36363684613361524,1820.3017304200364,-1.0167151163377832,-0.2199727828717195,1025.767398450325,0.28071204847367504,-0.10540490073014677,0.0,-1.439394645723637,-0.05779959049703846,185.95061004445935,1.3161192727215876,-0.1930261328971201
Annual,2025-09-16,2.239456345427452,226,False,68.73781877407716,0.8756806529787347,-0.36363684613361524,2150.710078715664,0.8527027865813019,-0.2199727828717195,928.4045506382286,-0.7799664095108806,-0.10540490073014677,59.96857992758344,0.9785304367415628,-0.05779959049703846,10.427208131125408,-1.0872357434934983,-0.1930261328971201
Annual,2025-09-03,2.2493961541056584,227,False,70.22636553436183,1.1293859034660092,-0.36363684613361524,2067.949147151489,0.38444958436529186,-0.2199727828717195,940.6225055267271,-0.6468630560031022,-0.10540490073014677,63.15563683270227,1.1070321427922378,-0.05779959049703846,9.788424326378134,-1.0959822937807036,-0.1930261328971201
Annual,2025-11-02,2.260064857747027,228,False,60.363477888958926,-0.5516270464572057,-0.36363684613361524,1956.6383299625857,-0.2453360597168819,-0.2199727828717195,1017.522237208632,0.19088861881649175,-0.10540490073014677,2.07544262477443,-1.3557130780473732,-0.05779959049703846,208.39487965060562,1.6234375411417123,-0.1930261328971201
Annual,2025-03-21,2.2607474343434424,229,False,58.50837199366025,-0.8678079810468329,-0.36363684613361524,1773.2863622553969,-1.2827234403183558,-0.2199727828717195,1038.7639370231743,0.4222973533652404,-0.10540490073014677,0.0,-1.439394645723637,-0.05779959049703846,166.36711812970648,1.047972216458582,-0.1930261328971201
Annual,2025-12-11,2.2651905669300563,230,False,56.84486410784967,-1.151333293195183,-0.36363684613361524,1785.413444674444,-1.214109602014071,-0.2199727828717195,1027.3009791347251,0.2974189960627991,-0.10540490073014677,5.471953782746222,-1.2187662046738477,-0.05779959049703846,179.33212552218168,1.2254956418953578,-0.1930261328971201
Annual,2025-09-04,2.2663096103696527,231,False,70.58953525181776,1.1912839012950658,-0.36363684613361524,2138.8273501203716,0.7854714781529418,-0.2199727828717195,940.0981009533588,-0.6525759603268729,-0.10540490073014677,62.35165510254074,1.074615707493139,-0.05779959049703846,49.840366450954306,-0.5475708855869112,-0.1930261328971201
Annual,2025-07-14,2.269015690320744,232,False,68.13473236052549,0.7728916820858515,-0.36363684613361524,2216.5240602301155,1.2250718139989099,-0.2199727828717195,957.5332993510451,-0.46263554910550797,-0.10540490073014677,64.11545635036363,1.145731936737593,-0.05779959049703846,107.77494083499467,0.24569854994350848,-0.1930261328971201
Annual,2025-10-09,2.2690350024614037,233,False,60.57106354077228,-0.5162465188204395,-0.36363684613361524,1913.7508086984783,-0.487989432358696,-0.2199727828717195,1036.7218128626057,0.40005029348234505,-0.10540490073014677,11.567756034351572,-0.9729842772094472,-0.05779959049703846,221.0732720664534,1.7970364896466882,-0.1930261328971201
Annual,2025-10-22,2.2847472755105396,234,False,59.08577492745115,-0.7693964565600294,-0.36363684613361524,1945.935316428385,-0.3058926564833708,-0.2199727828717195,918.2613456943033,-0.8904672753001345,-0.10540490073014677,3.60104649879631,-1.2942009348991101,-0.05779959049703846,200.16892479863324,1.5108036151743467,-0.1930261328971201
Annual,2025-03-09,2.2856933558585726,235,False,64.47061994923727,0.14838690875805494,-0.36363684613361524,1809.677194493618,-1.0768276945262825,-0.2199727828717195,1139.8640171118984,1.5236895112608124,-0.10540490073014677,58.49678190129706,0.9191877381420962,-0.05779959049703846,18.247564293094392,-0.9801554795197125,-0.1930261328971201
Annual,2025-11-27,2.2864335927771093,236,False,60.48715959151586,-0.5305469580346566,-0.36363684613361524,1925.1402148975017,-0.4235492934763043,-0.2199727828717195,902.0025015022007,-1.0675923920548631,-0.10540490073014677,2.815936613764879,-1.325856459939077,-0.05779959049703846,194.05344981038425,1.4270674447872025,-0.1930261328971201
Annual,2025-05-11,2.2963864112916506,237,False,62.51649610283392,-0.1846704685191667,-0.36363684613361524,2015.534333080354,0.08789172707082618,-0.2199727828717195,1192.1357800729725,2.0931421739508815,-0.10540490073014677,47.8906130488417,0.4915484355576239,-0.05779959049703846,83.45880488133017,-0.08725025735036415,-0.1930261328971201
Annual,2025-12-08,2.3024286689193927,238,False,58.661111364526704,-0.8417753555500482,-0.36363684613361524,1879.8705262552314,-0.679680734597499,-0.2199727828717195,882.1250655897412,-1.2841387292470974,-0.10540490073014677,12.264172431878778,-0.9449048616645986,-0.05779959049703846,195.40169756817812,1.4455283336286493,-0.1930261328971201
Annual,2025-05-27,2.313615691099755,239,False,58.56340470899716,-0.8584283033624875,-0.36363684613361524,1999.8532863613677,-0.0008300913220756659,-0.2199727828717195,884.9170313145074,-1.2537228368791378,-0.10540490073014677,75.14683987441757,1.5905158377289634,-0.05779959049703846,1.8155119048659818,-1.205151435064474,-0.1930261328971201
Annual,2025-02-01,2.3206116674604242,240,False,63.45625959774844,-0.024498857363002294,-0.36363684613361524,1932.9463084514427,-0.379383184729736,-0.2199727828717195,925.3522505119511,-0.8132184051539645,-0.10540490073014677,0.0,-1.439394645723637,-0.05779959049703846,198.70230308386516,1.4907218903635535,-0.1930261328971201
Annual,2025-02-20,2.3253540736648355,241,False,63.37769946307785,-0.037888506366103844,-0.36363684613361524,1793.0078650353012,-1.1711411193528007,-0.2199727828717195,860.497616682195,-1.5197498445019433,-0.10540490073014677,8.87734229834779,-1.0814613974338712,-0.05779959049703846,160.53287471215944,0.9680868106919773,-0.1930261328971201
Annual,2025-12-17,2.327324640199379,242,False,59.36594273467818,-0.7216451560248615,-0.36363684613361524,1804.8345281971522,-1.1042270236266958,-0.2199727828717195,887.3209262793281,-1.2275346176380193,-0.10540490073014677,9.523777441864597,-1.0553972193328764,-0.05779959049703846,185.33109062182206,1.3076365000781245,-0.1930261328971201
Annual,2025-02-18,2.3339287585444533,243,False,60.79867693310813,-0.477452498869207,-0.36363684613361524,1784.2072547768742,-1.2209341056940437,-0.2199727828717195,1031.7189579682044,0.3455488020597129,-0.10540490073014677,0.0,-1.439394645723637,-0.05779959049703846,186.97809721914743,1.3301881457519915,-0.1930261328971201
Annual,2025-06-01,2.33672396157945,244,False,62.1270191796187,-0.25105221949918494,-0.36363684613361524,2144.439900593952,0.8172267361253001,-0.2199727828717195,1011.9113505410078,0.1297631818322797,-0.10540490073014677,78.91700241848957,1.7425282847685755,-0.05779959049703846,0.0,-1.2300103404639506,-0.1930261328971201
Annual,2025-10-27,2.33676605405337,245,False,59.301983970748786,-0.7325461734846419,-0.36363684613361524,1957.2290815717452,-0.24199364527718104,-0.2199727828717195,938.2174813928874,-0.6730635764995845,-0.10540490073014677,0.0,-1.439394645723637,-0.05779959049703846,204.17270743095514,1.5656254279259982,-0.1930261328971201
Annual,2025-02-08,2.3407027145512083,246,False,63.3577857541,-0.041282563347821176,-0.36363684613361524,1943.7196935919674,-0.3184284323433972,-0.2199727828717195,932.6205901972954,-0.7340365457198859,-0.10540490073014677,0.0,-1.439394645723637,-0.05779959049703846,203.51583455043905,1.556631192882722,-0.1930261328971201
Annual,2025-04-29,2.3513590785325076,247,False,58.8128609890435,-0.8159114206528867,-0.36363684613361524,1877.8227434882522,-0.6912668878700398,-0.2199727828717195,909.9178176818995,-0.9813623202296635,-0.10540490073014677,83.14723636820607,1.9130907490468174,-0.05779959049703846,26.714218543912132,-0.8642257758878926,-0.1930261328971201
Annual,2025-09-11,2.353851965451794,248,False,66.13537945866705,0.4321255453999959,-0.36363684613361524,2014.5533756391153,0.08234156645257092,-0.2199727828717195,946.0936057709292,-0.5872604632184416,-0.10540490073014677,17.54985200778601,-0.7317869715979439,-0.05779959049703846,224.14540655618322,1.8391017057711179,-0.1930261328971201
Annual,2025-01-27,2.354937114148322,249,False,58.85457940850963,-0.8088010077703494,-0.36363684613361524,1760.3026929311948,-1.3561837629931563,-0.2199727828717195,1043.8402745302858,0.47759937010209275,-0.10540490073014677,0.0,-1.439394645723637,-0.05779959049703846,173.93163636087968,1.151549418347121,-0.1930261328971201
Annual,2025-02-05,2.357962721218544,250,False,61.4096448635562,-0.37332021631707873,-0.36363684613361524,1811.4146258432258,-1.06699747901628,-0.2199727828717195,1024.9447626584429,0.2717501899945528,-0.10540490073014677,0.0,-1.439394645723637,-0.05779959049703846,197.75274248662592,1.4777200273658095,-0.1930261328971201
Annual,2025-01-28,2.3655366819409176,251,False,61.82641246104798,-0.30228709156901273,-0.36363684613361524,1819.983575632613,-1.0185152047997623,-0.2199727828717195,1002.3497043597964,0.025597862563329965,-0.10540490073014677,0.0,-1.439394645723637,-0.05779959049703846,202.82655399743908,1.5471932156296946,-0.1930261328971201
Annual,2025-03-03,2.373041428181934,252,False,61.18641205587123,-0.41136761724646725,-0.36363684613361524,1846.3696742317031,-0.8692252568799451,-0.2199727828717195,883.1391090794195,-1.2730916603791338,-0.10540490073014677,3.263277435141638,-1.3078197381470382,-0.05779959049703846,186.0462912330377,1.3174293878516528,-0.1930261328971201
Annual,2025-06-20,2.3792020327071977,253,False,64.30809392309284,0.12068626321985955,-0.36363684613361524,2170.9737863375944,0.9673528491579916,-0.2199727828717195,981.9581662013991,-0.19654914459410602,-0.10540490073014677,11.606801430603888,-0.9714099720805403,-0.05779959049703846,205.83232592630645,1.58834976207362,-0.1930261328971201
Annual,2025-02-24,2.386646745277082,254,False,63.09261496616842,-0.08647779870691974,-0.36363684613361524,1817.0994849500037,-1.0348331059167408,-0.2199727828717195,890.4273299763612,-1.1936932134752578,-0.10540490073014677,0.0,-1.439394645723637,-0.05779959049703846,175.39296973140202,1.1715587324791563,-0.1930261328971201
Annual,2025-06-03,2.391162886238598,255,False,61.43922530447549,-0.3682785788131839,-0.36363684613361524,2121.949466830841,0.6899780762834569,-0.2199727828717195,1113.734536980765,1.23903291671546,-0.10540490073014677,11.948748458309224,-0.9576227138836381,-0.05779959049703846,185.827459515464,1.3144330335171044,-0.1930261328971201
Annual,2025-02-04,2.4037769515389527,256,False,64.26883759588097,0.11399548494253216,-0.36363684613361524,1916.5761631521425,-0.47200385504196835,-0.2199727828717195,910.039610276716,-0.9800355022023888,-0.10540490073014677,0.0,-1.439394645723637,-0.05779959049703846,198.21772376992007,1.4840867858006928,-0.1930261328971201
Annual,2025-04-22,2.404266586389449,257,False,55.095352844106664,-1.4495168674305952,-0.36363684613361524,1941.4523385278517,-0.3312569040542259,-0.2199727828717195,927.3893998721372,-0.7910255411344506,-0.10540490073014677,3.045370014224214,-1.3166057360700807,-0.05779959049703846,191.99816115519405,1.3989253950925398,-0.1930261328971201
Annual,2025-09-14,2.404872210283431,258,False,72.03406130182923,1.437486340567758,-0.36363684613361524,2131.828498817571,0.7458726665829098,-0.2199727828717195,1043.9660844844607,0.478969953555556,-0.10540490073014677,47.806191510840065,0.488144570492269,-0.05779959049703846,3.9177185024121344,-1.1763669612207663,-0.1930261328971201
Annual,2025-07-09,2.420237286369001,259,False,71.11062089273314,1.280096806996781,-0.36363684613361524,2150.58128048863,0.8519740588941115,-0.2199727828717195,1056.0715115805199,0.6108474205157747,-0.10540490073014677,63.23040103663958,1.1100466254461352,-0.05779959049703846,102.03925918616729,0.16716270166426594,-0.1930261328971201
Annual,2025-09-07,2.4228897519431896,260,False,72.03526424963933,1.4376913688434074,-0.36363684613361524,2196.504291394934,1.1118019330596307,-0.2199727828717195,1014.9311752812433,0.16266138808687022,-0.10540490073014677,53.46873938239656,0.7164577395856516,-0.05779959049703846,44.692377932315416,-0.6180597428835437,-0.1930261328971201
Annual,2025-06-06,2.424638769740241,261,False,61.74369689965729,-0.31638498407848814,-0.36363684613361524,2138.3080464501354,0.7825333091169627,-0.2199727828717195,1169.3763881208693,1.8451995828815213,-0.10540490073014677,49.91416284336289,0.5731376912928522,-0.05779959049703846,16.01272161753054,-1.0107560734930445,-0.1930261328971201
Annual,2025-03-28,2.4271763734121983,262,False,58.2623566821123,-0.909738391232967,-0.36363684613361524,1810.2656564091355,-1.0734982349477658,-0.2199727828717195,903.3761829554078,-1.0526273991618695,-0.10540490073014677,0.0,-1.439394645723637,-0.05779959049703846,180.51501591231968,1.2416923741930515,-0.1930261328971201
Annual,2025-11-25,2.4352077463342052,263,False,59.09163304883014,-0.7683980088179122,-0.36363684613361524,1994.3252461555714,-0.03210719852012292,-0.2199727828717195,890.0707730734549,-1.1975775721855564,-0.10540490073014677,2.6366199563610095,-1.333086483464133,-0.05779959049703846,200.35905370994516,1.5134069561975263,-0.1930261328971201
Annual,2025-03-16,2.435398198038688,264,False,62.53356085315755,-0.1817619829607202,-0.36363684613361524,1903.880814389834,-0.5438328883653829,-0.2199727828717195,1101.4804458759081,1.1055358924481915,-0.10540490073014677,0.0,-1.439394645723637,-0.05779959049703846,189.2993296409198,1.3619716317365116,-0.1930261328971201
Annual,2025-01-10,2.4680158055384234,265,False,59.73094293864083,-0.6594351733458215,-0.36363684613361524,1809.373702630917,-1.0785448216038815,-0.2199727828717195,976.8569675648336,-0.2521220004143013,-0.10540490073014677,0.0,-1.439394645723637,-0.05779959049703846,209.12838632795606,1.6334810848129313,-0.1930261328971201
Annual,2025-04-17,2.483122356147451,266,False,57.97555622119115,-0.958620149414316,-0.36363684613361524,1923.7994085887306,-0.43113544355663125,-0.2199727828717195,926.4548624745926,-0.8012064644335471,-0.10540490073014677,0.0,-1.439394645723637,-0.05779959049703846,209.8904902764694,1.6439161967556748,-0.1930261328971201
Annual,2025-01-07,2.490451616080789,267,False,61.76764282496963,-0.31230368334840225,-0.36363684613361524,1841.8682970992024,-0.8946936054936981,-0.2199727828717195,1004.9769781143608,0.054219587762584336,-0.10540490073014677,0.0,-1.439394645723637,-0.05779959049703846,218.29115841953,1.7589423852929267,-0.1930261328971201
Annual,2025-03-04,2.5017867418683415,268,False,57.44551980197009,-1.0489586097796044,-0.36363684613361524,1824.2880829650103,-0.9941607261313544,-0.2199727828717195,897.0043645850554,-1.1220424854652853,-0.10540490073014677,10.495485248522733,-1.0162180911730438,-0.05779959049703846,207.1475712279556,1.6063587646272088,-0.1930261328971201
Annual,2025-06-05,2.503206731793301,269,False,62.89397387038349,-0.12033383219393227,-0.36363684613361524,2136.3121039619496,0.7712404630376832,-0.2199727828717195,997.365345670397,-0.02870212975938084,-0.10540490073014677,86.16052019346095,2.0345859478737487,-0.05779959049703846,8.782905003033406,-1.1097503719020185,-0.1930261328971201
Annual,2025-07-15,2.5235733675103136,270,False,69.71692743835513,1.042558184509822,-0.36363684613361524,2188.2069391484665,1.0648563309996788,-0.2199727828717195,984.1345207607691,-0.1728397682772248,-0.10540490073014677,74.7581900820453,1.5748455303378834,-0.05779959049703846,56.38699378472513,-0.45793115965636205,-0.1930261328971201
Annual,2025-06-30,2.5240211537043824,271,False,66.70335080714766,0.5289295673363379,-0.36363684613361524,2055.181671467049,0.31221246401801567,-0.2199727828717195,1089.789861336916,0.9781777526607504,-0.10540490073014677,77.83995299552885,1.6991017967981048,-0.05779959049703846,1.6160712540902429,-1.2078822771245874,-0.1930261328971201
Annual,2025-04-14,2.5400643898234883,272,False,59.97707976838984,-0.6174840518145943,-0.36363684613361524,2006.2527495015438,0.03537744103909814,-0.2199727828717195,906.0626228192722,-1.0233611137531768,-0.10540490073014677,0.0,-1.439394645723637,-0.05779959049703846,213.74101809185476,1.696639567196908,-0.1930261328971201
Annual,2025-12-24,2.5476310645765903,273,False,59.29035256105616,-0.7345286101727735,-0.36363684613361524,1898.6687840234586,-0.5733220430060596,-0.2199727828717195,884.6727850688848,-1.2563836745291985,-0.10540490073014677,0.0,-1.439394645723637,-0.05779959049703846,202.1129333310007,1.5374219612575497,-0.1930261328971201
Annual,2025-03-15,2.5476751669494226,274,False,61.78249337447511,-0.3097725822216621,-0.36363684613361524,1883.995032495191,-0.6563446843873415,-0.2199727828717195,893.2125385727187,-1.163350933791212,-0.10540490073014677,0.0,-1.439394645723637,-0.05779959049703846,207.78500036180301,1.6150867660766692,-0.1930261328971201
Annual,2025-02-19,2.551492809966807,275,False,61.733698858978,-0.3180890322700511,-0.36363684613361524,1784.0095926982874,-1.2220524582730397,-0.2199727828717195,867.9621632678258,-1.4384304917927777,-0.10540490073014677,0.0,-1.439394645723637,-0.05779959049703846,174.20912064266952,1.1553488731963937,-0.1930261328971201
Annual,2025-01-25,2.5584075144810248,276,False,60.48112153114325,-0.5315760742573793,-0.36363684613361524,1827.606194313037,-0.9753871788227678,-0.2199727828717195,942.1902115424746,-0.6297843443926396,-0.10540490073014677,0.0,-1.439394645723637,-0.05779959049703846,217.40230444206753,1.7467717479754485,-0.1930261328971201
Annual,2025-12-26,2.565645303223272,277,False,62.25781736303817,-0.2287592107922423,-0.36363684613361524,1809.7126306817754,-1.0766272000627055,-0.2199727828717195,998.4524388149678,-0.01685925225343305,-0.10540490073014677,0.908811269067848,-1.4027514975056912,-0.05779959049703846,222.04987940865095,1.8104086903285204,-0.1930261328971201
Annual,2025-05-10,2.565736364552644,278,False,60.82585650042759,-0.47282006197243126,-0.36363684613361524,2012.5412472883568,0.07095714235650208,-0.2199727828717195,1092.7377600450136,1.010292391111283,-0.10540490073014677,4.931845243980213,-1.2405433083623625,-0.05779959049703846,218.89967816880605,1.7672745448565312,-0.1930261328971201
Annual,2025-06-10,2.587605698323548,279,False,62.78027389263919,-0.13971265327208196,-0.36363684613361524,2069.5011710616786,0.393230782838132,-0.2199727828717195,1206.3156063041781,2.2476183068843674,-0.10540490073014677,33.4937524417882,-0.08893104907559807,-0.05779959049703846,13.255342674217829,-1.0485114977998762,-0.1930261328971201
Annual,2025-03-14,2.6064104025091916,280,False,57.22757390389993,-1.0861049192794752,-0.36363684613361524,1858.4891847492356,-0.800654259648907,-0.2199727828717195,873.9326660362146,-1.3733873689581921,-0.10540490073014677,0.0,-1.439394645723637,-0.05779959049703846,189.2904434310738,1.3618499572658957,-0.1930261328971201
Annual,2025-09-27,2.6287700738342865,281,False,70.1174676224315,1.110825537906152,-0.36363684613361524,2162.3847617056704,0.9187569934589535,-0.2199727828717195,1150.7948327782458,1.642770669690674,-0.10540490073014677,19.972721678141326,-0.6340971921405903,-0.05779959049703846,59.16792728065939,-0.4198532145256368,-0.1930261328971201
Annual,2025-11-18,2.6632353423911526,282,False,58.754908711209346,-0.8257887033533713,-0.36363684613361524,1801.549288743465,-1.1228145849936497,-0.2199727828717195,1065.3031477956931,0.7114175854752245,-0.10540490073014677,0.59263924601575,-1.4154995109793234,-0.05779959049703846,213.40689048217246,1.6920645233108373,-0.1930261328971201
Annual,2025-01-06,2.665617026665972,283,False,60.508763758500734,-0.5268647824102793,-0.36363684613361524,1868.6975605995103,-0.7428962741964464,-0.2199727828717195,851.3681429556174,-1.61920704334236,-0.10540490073014677,0.0,-1.439394645723637,-0.05779959049703846,193.60896200856124,1.4209812934449149,-0.1930261328971201
Annual,2025-05-09,2.6682660213462577,284,False,60.48073588509053,-0.5316418030816361,-0.36363684613361524,1947.7129066202963,-0.2958352261976232,-0.2199727828717195,919.5231316080474,-0.8767212811414624,-0.10540490073014677,1.3960746830676594,-1.383105102144979,-0.05779959049703846,234.64141344388497,1.9828183300434838,-0.1930261328971201
Annual,2025-12-21,2.6698365988571635,285,False,61.40483105639042,-0.3741406730103965,-0.36363684613361524,1858.9029026927456,-0.7983134842588604,-0.2199727828717195,956.6343795199579,-0.4724284518575874,-0.10540490073014677,0.847791890076142,-1.4052117906651864,-0.05779959049703846,236.45888211373597,2.0077040284568324,-0.1930261328971201
Annual,2025-04-13,2.6814359973654933,286,False,61.96728877302104,-0.27827638463629056,-0.36363684613361524,2042.2796648464519,0.2392141808797683,-0.2199727828717195,1150.5768705019943,1.6403961716529896,-0.10540490073014677,0.0,-1.439394645723637,-0.05779959049703846,179.41265867162105,1.2265983424274056,-0.1930261328971201
Annual,2025-07-18,2.6862355961125317,287,False,68.05763218671602,0.7597508662036531,-0.36363684613361524,2286.3636486807263,1.6202173291033186,-0.2199727828717195,1124.5798287254652,1.357182370872368,-0.10540490073014677,49.328829143734524,0.5495371151969591,-0.05779959049703846,93.5546790343263,0.05098754754735547,-0.1930261328971201
Annual,2025-02-03,2.6925073575466234,288,False,62.26240585189203,-0.227977156949471,-0.36363684613361524,1768.9805244912798,-1.3070854464384416,-0.2199727828717195,907.1840478004536,-1.0111442225414438,-0.10540490073014677,0.0,-1.439394645723637,-0.05779959049703846,208.80974905608593,1.6291181424510899,-0.1930261328971201
Annual,2025-06-28,2.731875687240858,289,False,68.44157325551677,0.8251890960472476,-0.36363684613361524,2254.377633181746,1.4392436027271924,-0.2199727828717195,1065.4624659781248,0.7131532101808272,-0.10540490073014677,67.19219550324391,1.269785645845521,-0.05779959049703846,7.836169616394519,-1.1227135506901689,-0.1930261328971201
Annual,2025-06-07,2.7356185990058326,290,False,65.36410295072874,0.3006705552967511,-0.36363684613361524,2124.014937454689,0.7016643057086285,-0.2199727828717195,1210.2303180696895,2.2902654821899846,-0.10540490073014677,36.22791512284294,0.021310022733102726,-0.05779959049703846,26.88392829714367,-0.8619020242839269,-0.1930261328971201
Annual,2025-09-23,2.7444170822558545,291,False,70.05151658034437,1.0995849601164334,-0.36363684613361524,2021.1286508730536,0.11954382632993565,-0.2199727828717195,1154.440862834317,1.6824908054975316,-0.10540490073014677,27.145159601803485,-0.344905459086554,-0.05779959049703846,178.9279692949976,1.2199617308307977,-0.1930261328971201
Annual,2025-11-01,2.7521582917726652,292,False,60.47847155828122,-0.5320277308977239,-0.36363684613361524,1983.9260763695397,-0.09094467727568077,-0.2199727828717195,1118.2399016678855,1.2881147110176954,-0.10540490073014677,0.0,-1.439394645723637,-0.05779959049703846,215.80931378563756,1.7249597158294152,-0.1930261328971201
Annual,2025-12-31,2.757610149874085,293,False,62.40179322126877,-0.20422022273282234,-0.36363684613361524,1799.9545821742472,-1.1318372777487706,-0.2199727828717195,1021.8469488847707,0.23800236512686504,-0.10540490073014677,0.4338988702553962,-1.4218999015941154,-0.05779959049703846,235.21946058261588,1.9907332432421452,-0.1930261328971201
Annual,2025-11-17,2.7669240486734203,294,False,57.69478062829124,-1.0064750398537408,-0.36363684613361524,1830.485369234188,-0.9590970906001185,-0.2199727828717195,898.6299488829795,-1.104333243334512,-0.10540490073014677,1.016541668216548,-1.3984078222917677,-0.05779959049703846,219.9844819513858,1.782128225813327,-0.1930261328971201
Annual,2025-01-09,2.7862344307979443,295,False,63.37877435749166,-0.03770530328254774,-0.36363684613361524,1768.0304264549438,-1.3124610075821495,-0.2199727828717195,898.281520588251,-1.1081290483533222,-0.10540490073014677,0.0,-1.439394645723637,-0.05779959049703846,213.3199451080917,1.690874023362364,-0.1930261328971201
Annual,2025-07-16,2.788855513300453,296,False,70.86375069646927,1.2380206917869438,-0.36363684613361524,2291.2938038902535,1.648111661859746,-0.2199727828717195,1002.2506177451689,0.024518405255211567,-0.10540490073014677,22.85155871810097,-0.5180228696261336,-0.05779959049703846,165.00050897083074,1.0292599140454188,-0.1930261328971201
Annual,2025-09-06,2.79853901360459,297,False,75.08567650396608,1.9575981838133425,-0.36363684613361524,2102.3826707177373,0.5792710704063657,-0.2199727828717195,995.8476782433253,-0.04523571708199645,-0.10540490073014677,61.88584251291486,1.0558342064880366,-0.05779959049703846,21.02755970451138,-0.9420903791157055,-0.1930261328971201
Annual,2025-12-02,2.8038270003578076,298,False,58.51397556925655,-0.8668529176331631,-0.36363684613361524,1835.378267980139,-0.9314135512463636,-0.2199727828717195,926.6644783104728,-0.7989228931682568,-0.10540490073014677,0.0,-1.439394645723637,-0.05779959049703846,234.27177028840683,1.977756989377545,-0.1930261328971201
Annual,2025-12-25,2.804853732312833,299,False,60.23091529082645,-0.5742207788556499,-0.36363684613361524,1882.915848506878,-0.6624506011376372,-0.2199727828717195,898.2201452383354,-1.1087976762023397,-0.10540490073014677,0.0,-1.439394645723637,-0.05779959049703846,234.25782319616474,1.9775660187506297,-0.1930261328971201
Annual,2025-08-04,2.8106712666504268,300,False,73.12153927911707,1.6228341442030592,-0.36363684613361524,2225.6218650658166,1.2765462979968323,-0.2199727828717195,993.2245322337955,-0.07381247430489636,-0.10540490073014677,32.18999237407876,-0.14149847977077104,-0.05779959049703846,171.13105309435824,1.1132024186390952,-0.1930261328971201
Annual,2025-07-02,2.8394774068895345,301,False,69.72344712599545,1.043669388423611,-0.36363684613361524,2167.261660953564,0.9463500092279968,-0.2199727828717195,1015.309138811589,0.16677895226612668,-0.10540490073014677,81.71366534897355,1.8552893582337735,-0.05779959049703846,3.1472277644898012,-1.186916909317415,-0.1930261328971201
Annual,2025-05-04,2.862399153175624,302,False,61.74010895869457,-0.31699650632620413,-0.36363684613361524,2003.1783290230803,0.017982672676894667,-0.2199727828717195,1177.971755008763,1.938838180163081,-0.10540490073014677,81.387205999421,1.8421265611383348,-0.05779959049703846,32.781962775229694,-0.7811431591172374,-0.1930261328971201
Annual,2025-02-07,2.8985719903491853,303,False,63.80225565349733,0.03447209224599338,-0.36363684613361524,1719.9238389342252,-1.5846433432388463,-0.2199727828717195,869.9786841016916,-1.4164623565479417,-0.10540490073014677,0.0,-1.439394645723637,-0.05779959049703846,196.9157003734624,1.4662588242468766,-0.1930261328971201
Annual,2025-12-14,2.9056800812527035,304,False,62.54484065234734,-0.17983947413852933,-0.36363684613361524,1795.7876522307404,-1.1554133570965948,-0.2199727828717195,894.6702408478354,-1.1474706115110405,-0.10540490073014677,2.8904366940894954,-1.322852626713743,-0.05779959049703846,236.53639869455517,2.00876542460869,-0.1930261328971201
Annual,2025-08-12,2.9339722052170276,305,False,73.16701187675622,1.6305844125064481,-0.36363684613361524,2316.245500336942,1.7892859036313455,-0.2199727828717195,986.4054828390734,-0.14809973027005785,-0.10540490073014677,19.566978503727594,-0.6504567023981072,-0.05779959049703846,111.59331897173485,0.29798171075685514,-0.1930261328971201
Annual,2025-02-17,2.938745894677592,306,False,59.91291190349436,-0.6284207080694695,-0.36363684613361524,1697.5862369525223,-1.711027295909175,-0.2199727828717195,868.9501049774782,-1.4276677777522524,-0.10540490073014677,2.83734412696463,-1.3249933118841888,-0.05779959049703846,201.99182714695075,1.5357637142559628,-0.1930261328971201
Annual,2025-07-01,2.9594977849678963,307,False,70.01712566921248,1.0937234346635587,-0.36363684613361524,2212.4571293064514,1.2020615192595332,-0.2199727828717195,978.1709212523348,-0.23780768645943798,-0.10540490073014677,81.40396388773941,1.8428022369429504,-0.05779959049703846,3.3344830189020462,-1.1843529158550132,-0.1930261328971201
Annual,2025-07-13,2.9852444417838946,308,False,70.9463698030849,1.2521021447168785,-0.36363684613361524,2383.1490148450275,2.1678194014524026,-0.2199727828717195,1034.6224798519913,0.3771799959249858,-0.10540490073014677,19.942391135776766,-0.6353201155320831,-0.05779959049703846,89.02128773128705,-0.011085934449107288,-0.1930261328971201
Annual,2025-01-15,2.993271016800216,309,False,62.98716136382097,-0.10445112229483935,-0.36363684613361524,1681.064490879819,-1.8045057084708331,-0.2199727828717195,1028.2120307794942,0.3073440637393616,-0.10540490073014677,2.600638119118128,-1.3345372663055441,-0.05779959049703846,232.0530931443712,1.9473777420216127,-0.1930261328971201
Annual,2025-07-03,3.017228983453145,310,False,71.8438435770023,1.4050659713782108,-0.36363684613361524,2171.210274199667,0.9686908741971945,-0.2199727828717195,999.0759794537012,-0.010066351901351515,-0.10540490073014677,81.81130641800074,1.8592262330132774,-0.05779959049703846,7.286784753477782,-1.1302360055408076,-0.1930261328971201
Annual,2025-07-31,3.0398273436053147,311,False,74.06070997822775,1.782904720301464,-0.36363684613361524,2185.125003807316,1.0474190442842983,-0.2199727828717195,1020.9171469038534,0.2278730298258518,-0.10540490073014677,75.91289013804484,1.6214028813956671,-0.05779959049703846,53.12512973064693,-0.5025942487437721,-0.1930261328971201
Annual,2025-06-29,3.047916720051661,312,False,67.6057240883244,0.6827284572618277,-0.36363684613361524,2216.3848522089097,1.224284188721236,-0.2199727828717195,1091.752758556893,0.9995617080734515,-0.10540490073014677,83.829458254312,1.9405978437990064,-0.05779959049703846,6.661099333626777,-1.1388032061304705,-0.1930261328971201
Annual,2025-08-07,3.0605299794094663,313,False,74.46317123465646,1.8514994978374693,-0.36363684613361524,2323.0900033640305,1.828011427854405,-0.2199727828717195,1027.5462593922787,0.3000910983194836,-0.10540490073014677,36.55723743212627,0.03458825398008407,-0.05779959049703846,53.48416134481645,-0.49767820665771356,-0.1930261328971201
Annual,2025-07-10,3.127419438535486,314,False,72.75850595855007,1.560959393616075,-0.36363684613361524,2263.9631234771246,1.4934773630388551,-0.2199727828717195,1019.7694353814243,0.21536977098351912,-0.10540490073014677,27.62818873609606,-0.32542978931451955,-0.05779959049703846,201.5163860507802,1.5292537347834791,-0.1930261328971201
Annual,2025-07-30,3.1431839494444205,315,False,77.0334756312056,2.28957758725559,-0.36363684613361524,2232.801263610386,1.3171666280842564,-0.2199727828717195,1030.8970398770514,0.33659476226830976,-0.10540490073014677,46.33144929797045,0.42868316268548645,-0.05779959049703846,91.2661233747088,0.019651488284187144,-0.1930261328971201
Annual,2025-08-08,3.154161910596446,316,False,75.79709753145994,2.0788515127633347,-0.36363684613361524,2255.812729883697,1.447363238568375,-0.2199727828717195,1026.1483696452797,0.2848623783857688,-0.10540490073014677,41.80181836753863,0.24604905238594268,-0.05779959049703846,4.238283548399462,-1.1719776228026488,-0.1930261328971201
Annual,2025-08-19,3.2148127424110324,317,False,73.28718470047463,1.6510664538884807,-0.36363684613361524,2306.685729051305,1.7351976589445268,-0.2199727828717195,1032.319906764053,0.3520955851133322,-0.10540490073014677,63.04101941104083,1.1024107837562667,-0.05779959049703846,6.529524621899598,-1.1406047934971095,-0.1930261328971201
Annual,2025-12-03,3.2274525303728177,318,False,58.54202144258129,-0.8620728290885307,-0.36363684613361524,1735.6413676321008,-1.4957151134013738,-0.2199727828717195,863.511515408252,-1.4869161967080204,-0.10540490073014677,0.8147906034258638,-1.406542398107312,-0.05779959049703846,235.95365037554538,2.000786140476682,-0.1930261328971201
Annual,2025-08-25,3.2771379379985737,319,False,72.85434048058156,1.5772932583397303,-0.36363684613361524,2265.4704542780396,1.5020056922998661,-0.2199727828717195,1101.9284010996012,1.110415951593851,-0.10540490073014677,68.80938692852008,1.3349905867503218,-0.05779959049703846,19.67770056860001,-0.9605733317596965,-0.1930261328971201
Annual,2025-07-29,3.2910426426188417,320,False,73.10188432051,1.619484188172271,-0.36363684613361524,2288.6819887139586,1.6333342687494705,-0.2199727828717195,1019.4101559260465,0.21145575257424795,-0.10540490073014677,77.41346656335115,1.6819059211755905,-0.05779959049703846,33.37038460755603,-0.7730861903771361,-0.1930261328971201
Annual,2025-07-12,3.2933666500985717,321,False,71.7739309728214,1.3931501920226863,-0.36363684613361524,2382.341063649123,2.1632480931361937,-0.2199727828717195,1028.0750675124068,0.30585197522511515,-0.10540490073014677,16.780264557987273,-0.7628166341356571,-0.05779959049703846,162.57934320975622,0.996108090336807,-0.1930261328971201
Annual,2025-08-21,3.29510306925201,322,False,76.40658349043775,2.1827312107456613,-0.36363684613361524,2159.618525777586,0.9031059029391945,-0.2199727828717195,1044.1086253462877,0.48052280482192655,-0.10540490073014677,67.92715628399736,1.2994191657414054,-0.05779959049703846,5.415201524912492,-1.1558626678069446,-0.1930261328971201
Annual,2025-07-08,3.3340846643753785,323,False,72.14965583035384,1.4571880654962286,-0.36363684613361524,2382.6941677832892,2.1652459215609596,-0.2199727828717195,949.0569326714706,-0.5549777488360893,-0.10540490073014677,68.02794763783358,1.3034830595809876,-0.05779959049703846,58.413616663840145,-0.43018161623706186,-0.1930261328971201
Annual,2025-07-11,3.3607681418710253,324,False,70.16917357175699,1.1196382075348807,-0.36363684613361524,2269.415550666972,1.524326659237461,-0.2199727828717195,1037.1974651483106,0.4052320865818234,-0.10540490073014677,10.282652373925512,-1.0247994840705117,-0.05779959049703846,236.67485695847336,2.0106612650464704,-0.1930261328971201
Annual,2025-07-19,3.379864445219423,325,False,75.9777697050567,2.109644955254641,-0.36363684613361524,2290.342104668579,1.642727041367044,-0.2199727828717195,1083.330266302325,0.9078064205308856,-0.10540490073014677,48.22040440485628,0.5048455787057659,-0.05779959049703846,127.04108385092454,0.5095003048987534,-0.1930261328971201
Annual,2025-09-22,3.3813442079117206,326,False,66.47626599400905,0.49022563747916154,-0.36363684613361524,2205.382370528759,1.1620332306703525,-0.2199727828717195,1149.296617875382,1.6264489996840004,-0.10540490073014677,7.887889974923394,-1.1213559821247268,-0.05779959049703846,233.45714397584206,1.966602714715013,-0.1930261328971201
Annual,2025-07-23,3.4343389480995645,327,False,72.72882729404652,1.5559010150599586,-0.36363684613361524,2303.2041579444913,1.7154992724148386,-0.2199727828717195,1008.3576687916927,0.09104909568202801,-0.10540490073014677,79.56996394776084,1.7688556058659963,-0.05779959049703846,3.1132843296252086,-1.1873816799608743,-0.1930261328971201
Annual,2025-07-24,3.479402793580939,328,False,73.51003498058138,1.6890486575008354,-0.36363684613361524,2307.672690589316,1.7407817901511629,-0.2199727828717195,1000.2909807322844,0.0031699667928603375,-0.10540490073014677,80.98858514761719,1.8260542219711577,-0.05779959049703846,24.742802424447103,-0.8912194004878932,-0.1930261328971201
Annual,2025-07-22,3.4821064284295815,329,False,72.82739946513824,1.5727014797985441,-0.36363684613361524,2107.378653865014,0.6075378511532141,-0.2199727828717195,1164.2322992568763,1.789159477578463,-0.10540490073014677,79.38788952229176,1.761514389503215,-0.05779959049703846,10.754850179780778,-1.0827495031826613,-0.1930261328971201
Annual,2025-08-18,3.5139107379959404,330,False,72.96275244712618,1.5957708002362048,-0.36363684613361524,2288.349398993647,1.6314525088584606,-0.2199727828717195,1137.0469212211392,1.4929998489044707,-0.10540490073014677,64.69570423550547,1.1691274534769602,-0.05779959049703846,1.9646898922634735,-1.203108814761925,-0.1930261328971201
Annual,2025-06-21,3.5261458533474497,331,False,68.68862253968484,0.8672957346795305,-0.36363684613361524,2172.3137050448317,0.9749339772762328,-0.2199727828717195,1206.8508264402274,2.253449036791556,-0.10540490073014677,6.476841758143135,-1.1782492565701246,-0.05779959049703846,195.0948156297666,1.4413263512261472,-0.1930261328971201
Annual,2025-08-05,3.5332247712936873,332,False,72.75035378034009,1.5595699509260887,-0.36363684613361524,2467.933798412311,2.6475233590351737,-0.2199727828717195,975.2010109986131,-0.27016212040481224,-0.10540490073014677,28.644038451544343,-0.2844708653252631,-0.05779959049703846,126.53704445727104,0.5025987431018525,-0.1930261328971201
Annual,2025-08-26,3.638952274596878,333,False,76.75309171399354,2.2417894533206604,-0.36363684613361524,2345.546185757416,1.9550662968187031,-0.2199727828717195,962.9543689839328,-0.4035779937026983,-0.10540490073014677,65.42412767220448,1.198497388539236,-0.05779959049703846,58.49070855921595,-0.42912603509266006,-0.1930261328971201
Annual,2025-07-17,3.657933309978007,334,False,72.87142310976897,1.5802047911397783,-0.36363684613361524,2220.3705844563433,1.2468350693452557,-0.2199727828717195,1179.6552717769937,1.957178543143879,-0.10540490073014677,11.045314008140442,-0.9940490694862574,-0.05779959049703846,186.9645569423768,1.3300027454478558,-0.1930261328971201
Annual,2025-08-09,3.6839521138797737,335,False,77.5989493259486,2.3859559135510287,-0.36363684613361524,2317.695148098567,1.7974878679354807,-0.2199727828717195,1079.4215929110644,0.8652250277453251,-0.10540490073014677,15.01421353878822,-0.8340235738596123,-0.05779959049703846,29.74927334647876,-0.8226682735564496,-0.1930261328971201
Annual,2025-07-06,3.695678273525854,336,False,75.24267509961231,1.9843567439723524,-0.36363684613361524,2286.142087414486,1.6189637572736733,-0.2199727828717195,1089.2926391784454,0.9727609756849975,-0.10540490073014677,78.66668290723165,1.7324354357194258,-0.05779959049703846,29.78152590100674,-0.8222266553000483,-0.1930261328971201
Annual,2025-08-11,3.749228105911253,337,False,71.73778904007675,1.3869902255743878,-0.36363684613361524,2220.6267537657513,1.2482844500756642,-0.2199727828717195,1234.7737385019059,2.5576434186689094,-0.10540490073014677,9.994672964277639,-1.0364107751609788,-0.05779959049703846,10.955320199294768,-1.0800045664861995,-0.1930261328971201
Annual,2025-08-23,3.8012544011234386,338,False,77.64759582896698,2.394247136616974,-0.36363684613361524,2280.6103198908113,1.5876655612780586,-0.2199727828717195,1067.0740605456201,0.7307100470971655,-0.10540490073014677,68.21384549451014,1.3109784361761576,-0.05779959049703846,2.5765277964989193,-1.1947312213457446,-0.1930261328971201
Annual,2025-08-06,3.8064165205787965,339,False,71.4802887792124,1.3431023411449905,-0.36363684613361524,2313.439033182954,1.773407188796559,-0.2199727828717195,1156.568252272905,1.705666751969528,-0.10540490073014677,10.963688987455035,-0.9973401793492943,-0.05779959049703846,211.18059181408842,1.6615809182005932,-0.1930261328971201
Annual,2025-07-07,3.8088123919776633,340,False,74.67730618597957,1.88799627638215,-0.36363684613361524,2223.422454325424,1.2641022485798863,-0.2199727828717195,1145.88842398119,1.5893198695749404,-0.10540490073014677,79.69810110646291,1.7740220788822942,-0.05779959049703846,2.443748773597656,-1.1965492987488673,-0.1930261328971201
Annual,2025-08-20,3.8285351138409554,341,False,73.83590000223973,1.7445885096241645,-0.36363684613361524,2313.4754041688434,1.773612972253663,-0.2199727828717195,1154.6041907574604,1.684270112631193,-0.10540490073014677,70.66352353940941,1.4097491256918822,-0.05779959049703846,7.143373759426831,-1.1321996612595073,-0.1930261328971201
Annual,2025-08-15,3.8638883879777834,342,False,70.73205281848445,1.2155743407456159,-0.36363684613361524,2308.520100235745,1.7455763504953914,-0.2199727828717195,1192.869988582297,2.1011406987168426,-0.10540490073014677,74.47336003489559,1.563361221120045,-0.05779959049703846,0.0,-1.2300103404639506,-0.1930261328971201
Annual,2025-07-25,3.890277387265454,343,False,75.95962287140777,2.1065520413474075,-0.36363684613361524,2342.180519411964,1.9360236880169093,-0.2199727828717195,1129.8316640673127,1.414396274708976,-0.10540490073014677,69.97837750901712,1.3821241298350937,-0.05779959049703846,77.95886500567676,-0.16255821027825718,-0.1930261328971201
Annual,2025-07-04,3.894542421885759,344,False,75.78576648963718,2.0769202702383267,-0.36363684613361524,2234.0489139993133,1.3242257111421643,-0.2199727828717195,1157.5155614319854,1.7159868118349413,-0.10540490073014677,76.88409676659514,1.6605618021215534,-0.05779959049703846,21.259035241346044,-0.9389208992257397,-0.1930261328971201
Annual,2025-08-27,3.9376905391328054,345,False,76.5494073037777,2.207073846332083,-0.36363684613361524,2362.39559666187,2.050398604736794,-0.2199727828717195,1096.7460632697234,1.0539591590731743,-0.10540490073014677,63.551601316570206,1.1229973775612754,-0.05779959049703846,2.560216636501996,-1.194954561981646,-0.1930261328971201
Annual,2025-08-10,3.962017330933698,346,False,80.15829120423473,2.8221655709412854,-0.36363684613361524,2319.2131344322383,1.8060764851516908,-0.2199727828717195,1095.467130767931,1.0400263686469369,-0.10540490073014677,25.895234259530646,-0.39530228088790337,-0.05779959049703846,85.38060263478002,-0.060936032463217,-0.1930261328971201
Annual,2025-08-31,3.982095686941309,347,False,78.60331358605298,2.5571379637148524,-0.36363684613361524,2397.960159581079,2.251619400075703,-0.2199727828717195,1064.60238827797,0.70378345663266,-0.10540490073014677,39.69694258201006,0.16118074362410373,-0.05779959049703846,23.340505858568193,-0.9104203528913245,-0.1930261328971201
Annual,2025-07-26,4.014528121414486,348,False,74.68037313425462,1.8885190015669497,-0.36363684613361524,2381.6754996291647,2.1594823974421624,-0.2199727828717195,1181.0736929878778,1.9726309344465325,-0.10540490073014677,50.49192786028074,0.5964330991191434,-0.05779959049703846,133.98474253504097,0.6045763844838365,-0.1930261328971201
Annual,2025-08-17,4.038207191946242,349,False,74.41351801217883,1.843036691305427,-0.36363684613361524,2465.2622321331996,2.6324079000682086,-0.2199727828717195,1036.5629582827828,0.3983197192997213,-0.10540490073014677,69.09926861688669,1.346678577463048,-0.05779959049703846,0.0,-1.2300103404639506,-0.1930261328971201
Annual,2025-07-21,4.0399865613916335,350,False,75.18380528571205,1.974323078063968,-0.36363684613361524,2315.7289817423357,1.7863634922790652,-0.2199727828717195,1147.5262817524456,1.6071628198814691,-0.10540490073014677,79.17059306830772,1.7527530256848085,-0.05779959049703846,18.27132280675818,-0.9798301659582771,-0.1930261328971201
Annual,2025-07-28,4.043019922462146,351,False,77.96952304911991,2.4491158368867265,-0.36363684613361524,2160.0256841242153,0.9054095647759431,-0.2199727828717195,1146.100139863196,1.5916263189065212,-0.10540490073014677,82.62682737365412,1.8921079283332514,-0.05779959049703846,24.825564133860052,-0.8900861853877986,-0.1930261328971201
Annual,2025-08-14,4.106927082647142,352,False,73.94701019022361,1.7635259315622889,-0.36363684613361524,2405.1956898650583,2.2925573180180234,-0.2199727828717195,1143.301451977346,1.5611371947914117,-0.10540490073014677,72.05628649153677,1.4659051407241481,-0.05779959049703846,5.29666146150387,-1.1574857781894348,-0.1930261328971201
Annual,2025-08-03,4.192619608061785,353,False,77.73907175077551,2.409838129305405,-0.36363684613361524,2331.3430942614823,1.8747066035595616,-0.2199727828717195,1198.044231677395,2.1575093065654696,-0.10540490073014677,40.28814231757023,0.18501783750032894,-0.05779959049703846,116.94853139640323,0.37130798237321205,-0.1930261328971201
Annual,2025-08-01,4.20379266069733,354,False,74.87287849810956,1.9213292718654922,-0.36363684613361524,2292.072572978839,1.6525178606859923,-0.2199727828717195,1215.3711415658993,2.346270014321728,-0.10540490073014677,70.36662200083111,1.3977780955621397,-0.05779959049703846,9.795087465714493,-1.095891058713623,-0.1930261328971201
Annual,2025-08-22,4.211744470878827,355,False,72.25977917531259,1.4759572916721757,-0.36363684613361524,2350.699249205274,1.9842218224402433,-0.2199727828717195,1223.4437223296852,2.4342133387919933,-0.10540490073014677,69.09804367627265,1.346629188022131,-0.05779959049703846,0.0424871868700209,-1.2294285844554877,-0.1930261328971201
Annual,2025-08-29,4.289647404367406,356,False,78.1984511882971,2.488133939940759,-0.36363684613361524,2305.617193857618,1.729151992025754,-0.2199727828717195,1166.2759766971296,1.811423459011393,-0.10540490073014677,66.820170945198,1.2547856656679266,-0.05779959049703846,0.1077050075607746,-1.2285355891352332,-0.1930261328971201
Annual,2025-08-28,4.390382049352503,357,False,81.78070303601002,3.0986865450592567,-0.36363684613361524,2342.807903813971,1.9395733671917064,-0.2199727828717195,999.091155696908,-0.009901020724168881,-0.10540490073014677,65.04734252464908,1.183305462032477,-0.05779959049703846,0.023501554967267,-1.2296885453106905,-0.1930261328971201
Annual,2025-08-13,4.394697218609005,358,False,76.53326081598,2.204321867798052,-0.36363684613361524,2428.567984522612,2.424795459973315,-0.2199727828717195,1164.7668044411591,1.794982418745344,-0.10540490073014677,70.12193313033431,1.3879122731916793,-0.05779959049703846,64.75501293917735,-0.34335201755104444,-0.1930261328971201
Annual,2025-07-27,4.50684419978405,359,False,78.12627452059317,2.4758322776431902,-0.36363684613361524,2391.205061210018,2.2133997185937373,-0.2199727828717195,1190.1299944427437,2.0712909888517714,-0.10540490073014677,28.642299494826233,-0.28454097982640886,-0.05779959049703846,166.31603520996492,1.0472727633368586,-0.1930261328971201
Annual,2025-08-02,4.5884251406637055,360,False,80.80988862285997,2.9332226708724716,-0.36363684613361524,2381.846143764176,2.1604478851565725,-0.2199727828717195,1071.1138616947828,0.7747199559047607,-0.10540490073014677,74.81184270448601,1.5770087968633886,-0.05779959049703846,0.1619614176474451,-1.2277926829818533,-0.1930261328971201
Annual,2025-07-20,4.627729770910235,361,False,75.35111706484354,2.0028393987913775,-0.36363684613361524,2413.66373270786,2.3404686706659765,-0.2199727828717195,1238.5236497201395,2.5984952439586873,-0.10540490073014677,66.64528906375733,1.2477344517136404,-0.05779959049703846,39.634780544542295,-0.6873109191905217,-0.1930261328971201
Annual,2025-07-05,4.733019903416283,362,False,75.4899256008369,2.026497677680267,-0.36363684613361524,2360.9245287878634,2.042075447545812,-0.2199727828717195,1239.686293649303,2.6111611776046533,-0.10540490073014677,81.42462422325171,1.8436352588939067,-0.05779959049703846,20.27280528701134,-0.9524248575700648,-0.1930261328971201
Annual,2025-08-16,4.891835534210555,363,False,77.5763191246734,2.382098862475252,-0.36363684613361524,2381.740297727831,2.1598490187044486,-0.2199727828717195,1230.3462645181958,2.509410171764797,-0.10540490073014677,75.90872208455139,1.6212348260390277,-0.05779959049703846,0.1520013996159065,-1.2279290605761612,-0.1930261328971201
Annual,2025-08-30,4.978533114335513,364,False,79.05661644974566,2.6343980939627976,-0.36363684613361524,2374.3401103232122,2.1179794869855555,-0.2199727828717195,1254.2235464630637,2.769531143606363,-0.10540490073014677,59.16807964341633,0.9462543728770273,-0.05779959049703846,0.606709449733444,-1.2217029684354508,-0.1930261328971201
Annual,2025-08-24,5.069383956899717,365,False,78.15813219648315,2.4812620430071375,-0.36363684613361524,2396.506573412233,2.2433951526512863,-0.2199727828717195,1265.180552194318,2.8888976186460416,-0.10540490073014677,65.6417342301289,1.2072712557068388,-0.05779959049703846,3.7763207788172495,-1.1783030502241627,-0.1930261328971201
Spring,2025-04-18,0.7169885753583699,1,True,59.94359359228293,0.17183408950048323,-0.061257260129516974,1965.065796902741,0.44849221172230336,0.05370190241480748,975.2796758782104,-0.1241849558168729,-0.36121768617592387,26.082810056977074,-0.3863223016539606,-0.09701274045967588,118.49121850709986,0.3257192274203997,-0.07924634412746104
Spring,2025-04-28,0.9267157349070264,2,False,60.16383276203886,0.2851801300094476,-0.061257260129516974,1895.1862213413362,-0.4623381048057954,0.05370190241480748,910.8534963841911,-0.9009260363897182,-0.36121768617592387,35.58419653217066,-0.03927774917695858,-0.09701274045967588,119.63262042977475,0.3424970215308762,-0.07924634412746104
Spring,2025-03-20,1.1131421190197086,3,False,59.36377895958519,-0.12656738430764936,-0.061257260129516974,1912.4193107940387,-0.2377171022473417,0.05370190241480748,909.0207970300893,-0.9230216020099384,-0.36121768617592387,12.67226194583588,-0.8761516207594628,-0.09701274045967588,123.36927929598919,0.39742324153540437,-0.07924634412746104
Spring,2025-04-15,1.1154648665805256,4,False,58.28899734588245,-0.6797035065516898,-0.061257260129516974,1978.5456519096651,0.6241924861454162,0.05370190241480748,907.2127223731469,-0.9448202849959468,-0.36121768617592387,41.36944607228192,0.17203239412239474,-0.09701274045967588,114.83428282876423,0.27196488141177905,-0.07924634412746104
Spring,2025-05-19,1.1155706887822645,5,False,57.83655228257925,-0.9125542593495597,-0.061257260129516974,1946.1374294399639,0.20177447211136498,0.05370190241480748,917.3598997341045,-0.8224829126728499,-0.36121768617592387,48.32388872268271,0.42604810473858096,-0.09701274045967588,98.23908530116735,0.02802731497750926,-0.07924634412746104
Spring,2025-04-09,1.1867497973341765,6,False,58.43575831938125,-0.6041730036635571,-0.061257260129516974,1938.7351520044392,0.10529107699252716,0.05370190241480748,902.2826961661314,-1.0042581395042245,-0.36121768617592387,55.563890780958346,0.6904940654209296,-0.09701274045967588,72.02821447673584,-0.3572537901375259,-0.07924634412746104
Spring,2025-05-14,1.26161738375327,7,False,60.10759084081124,0.25623523755987976,-0.061257260129516974,1965.149160996777,0.449578803098221,0.05370190241480748,920.0843245476826,-0.7896364410947145,-0.36121768617592387,61.28476451027566,0.8994528387906775,-0.09701274045967588,63.92768109522474,-0.47632585280019485,-0.07924634412746104
Spring,2025-04-08,1.3280861835291846,8,False,60.27594522280881,0.34287878340553996,-0.061257260129516974,1933.864876387457,0.04181051566746476,0.05370190241480748,931.3221859714009,-0.6541494590302703,-0.36121768617592387,13.415429247613433,-0.8490069335778294,-0.09701274045967588,157.21567732458885,0.894941150191347,-0.07924634412746104
Spring,2025-03-05,1.43320547734423,9,False,61.00014970163645,0.715590459920395,-0.061257260129516974,1923.9536103111532,-0.08737575292315165,0.05370190241480748,1023.5889100422729,0.4582454636327846,-0.36121768617592387,23.886041376427887,-0.4665607600754884,-0.09701274045967588,37.26185032744956,-0.8682945445631004,-0.07924634412746104
Spring,2025-04-03,1.444527637483366,10,False,60.45085876196337,0.4328979980463788,-0.061257260129516974,1927.7366795255025,-0.03806614990580573,0.05370190241480748,917.1152898176495,-0.8254320021938847,-0.36121768617592387,55.5495493610343,0.6899702353807119,-0.09701274045967588,22.93749508332101,-1.0788523492039883,-0.07924634412746104
Spring,2025-04-01,1.4526750438834792,11,False,59.52573986220559,-0.043214241224043895,-0.061257260129516974,1866.5550634149913,-0.8355247824166699,0.05370190241480748,1027.3729836955615,0.5038673751213508,-0.36121768617592387,53.78750228659453,0.6256102769694947,-0.09701274045967588,75.93450709884074,-0.2998340749198066,-0.07924634412746104
Spring,2025-04-21,1.4741716578211725,12,False,56.87708746013608,-1.4063426202123865,-0.061257260129516974,1961.1164739135315,0.3970156095902177,0.05370190241480748,921.3832159206869,-0.7739766224225901,-0.36121768617592387,41.50894404168928,0.17712765158727364,-0.09701274045967588,92.52246321777042,-0.056002952027705874,-0.07924634412746104
Spring,2025-03-26,1.4794461826093732,13,False,57.19395575723551,-1.2432664204662633,-0.061257260129516974,1930.733192264623,0.0009912516986927491,0.05370190241480748,1025.4209214375269,0.48033273501760165,-0.36121768617592387,26.51555678671376,-0.37051593533579713,-0.09701274045967588,96.13377691653426,-0.0029192165769981277,-0.07924634412746104
Spring,2025-05-15,1.5045802486118234,14,False,61.78150610869376,1.1177153637892396,-0.061257260129516974,1873.7484578903843,-0.7417640273706362,0.05370190241480748,917.6033400669343,-0.8195479239980246,-0.36121768617592387,38.76060110498002,0.07674257126096652,-0.09701274045967588,92.81879108341833,-0.05164714377097342,-0.07924634412746104
Spring,2025-04-10,1.5771823786233332,15,False,57.08691003596258,-1.2983574774892193,-0.061257260129516974,1935.6895083604204,0.06559328916215021,0.05370190241480748,950.6706285881748,-0.42087891057333765,-0.36121768617592387,56.4098191248851,0.7213921690095102,-0.09701274045967588,54.71217106775148,-0.6117872768546013,-0.07924634412746104
Spring,2025-03-29,1.5927987165291093,16,False,59.4769385135904,-0.06832984460721936,-0.061257260129516974,1913.0785392518071,-0.22912453052621065,0.05370190241480748,1078.9440990379135,1.125623999089467,-0.36121768617592387,30.155157521381263,-0.23757706252440391,-0.09701274045967588,123.31903981889036,0.39668475705746803,-0.07924634412746104
Spring,2025-03-06,1.600734426921521,17,False,58.33627871527236,-0.6553701601441148,-0.061257260129516974,1896.7190783549388,-0.44235840934148796,0.05370190241480748,1015.3253207750056,0.35861718662990516,-0.36121768617592387,20.6823166012555,-0.5835789693402086,-0.09701274045967588,165.72514329011537,1.0200242301507074,-0.07924634412746104
Spring,2025-03-22,1.6059528274505845,18,False,58.80617260560099,-0.413539372336803,-0.061257260129516974,1975.2900734098494,0.5817583475341475,0.05370190241480748,1042.7605575229497,0.689384517623794,-0.36121768617592387,12.473122504895759,-0.8834253232177324,-0.09701274045967588,136.7762248476646,0.5944957780782126,-0.07924634412746104
Spring,2025-03-30,1.606386296221696,19,False,57.8516307204513,-0.9047941445990765,-0.061257260129516974,2022.3972612913908,1.1957668686819314,0.05370190241480748,941.8119571284391,-0.5276816745446786,-0.36121768617592387,53.10799890460402,0.6007909574180601,-0.09701274045967588,75.73371167160252,-0.30278562447443935,-0.07924634412746104
Spring,2025-04-02,1.6799805307257054,20,False,60.48812363106977,0.4520763547754581,-0.061257260129516974,1969.0752608903756,0.5007527087792164,0.05370190241480748,940.2365969153155,-0.5466746833470496,-0.36121768617592387,71.17245349887456,1.2606073512441005,-0.09701274045967588,43.73753031524533,-0.7731066677931425,-0.07924634412746104
Spring,2025-04-19,1.6915113147313272,21,False,61.31336843336441,0.8767884116469087,-0.061257260129516974,1936.0568082496238,0.07038078066673031,0.05370190241480748,974.9926147093064,-0.12764585019670596,-0.36121768617592387,13.054597384156981,-0.8621865608774478,-0.09701274045967588,169.72029774425616,1.0787501509149218,-0.07924634412746104
Spring,2025-03-23,1.7625395700963544,22,False,62.6711807936386,1.575586245664208,-0.061257260129516974,1920.6684182335582,-0.1301958833525652,0.05370190241480748,961.4322091458237,-0.291134111538718,-0.36121768617592387,22.137352594163282,-0.5304327978509236,-0.09701274045967588,121.4190264199293,0.36875591535707136,-0.07924634412746104
Spring,2025-05-05,1.7717432990099875,23,False,60.91590294012219,0.6722328825469998,-0.061257260129516974,1940.269570307292,0.12529112274618015,0.05370190241480748,1069.987581903649,1.0176415787182018,-0.36121768617592387,21.616996246243072,-0.5494391645916109,-0.09701274045967588,43.31989503827234,-0.7792456084687492,-0.07924634412746104
Spring,2025-04-16,1.7816466682144352,24,False,58.00176830995017,-0.8275258670255784,-0.061257260129516974,1993.1756273781866,0.8148837586629828,0.05370190241480748,891.5397112426213,-1.1337787440721185,-0.36121768617592387,14.518488277403263,-0.808716958178073,-0.09701274045967588,155.63553658372692,0.8717142084024039,-0.07924634412746104
Spring,2025-05-02,1.7997813274007761,25,False,57.56304595807395,-1.053314229391179,-0.061257260129516974,1997.5229838889154,0.8715484432280473,0.05370190241480748,914.0903569106017,-0.8619014882527117,-0.36121768617592387,65.64080626077616,1.0585602031548644,-0.09701274045967588,91.7160771672358,-0.06785625178185734,-0.07924634412746104
Spring,2025-04-12,1.8004403275774679,26,False,61.36801264763907,0.9049110445628431,-0.061257260129516974,1994.5612732657128,0.8329446623274918,0.05370190241480748,971.2266247487128,-0.17304973933605078,-0.36121768617592387,8.36966278178886,-1.0333069585907446,-0.09701274045967588,151.36328535348414,0.8089151626804003,-0.07924634412746104
Spring,2025-03-10,1.8019132925845542,27,False,61.36372499957462,0.9027044074249548,-0.061257260129516974,1857.4208245401614,-0.9545830568661733,0.05370190241480748,909.7397973353657,-0.9143531216120836,-0.36121768617592387,17.78019225184669,-0.6895810195360114,-0.09701274045967588,36.34974260291755,-0.8817018775145905,-0.07924634412746104
Spring,2025-04-11,1.875005255320668,28,False,59.16517147655117,-0.22878068197992352,-0.061257260129516974,1884.535582886985,-0.6011615638303673,0.05370190241480748,943.7400447341839,-0.5044360799418761,-0.36121768617592387,72.25281025260057,1.3000681106912855,-0.09701274045967588,20.033041603115095,-1.1215457436396237,-0.07924634412746104
Spring,2025-03-17,1.877754801014817,29,False,58.06980208732451,-0.7925122983911002,-0.061257260129516974,1953.4368834406025,0.2969176372561183,0.05370190241480748,886.0436484923061,-1.2000409026092735,-0.36121768617592387,0.0,-1.3390145394867377,-0.09701274045967588,147.28272499655245,0.7489338360645058,-0.07924634412746104
Spring,2025-05-23,1.9150255832816028,30,False,58.29052128370074,-0.6789192122870655,-0.061257260129516974,1961.7227121166388,0.4049174912200285,0.05370190241480748,1049.58355835092,0.7716446342020084,-0.36121768617592387,19.84690724838038,-0.6140928596824853,-0.09701274045967588,177.30822033120506,1.1902872005386982,-0.07924634412746104
Spring,2025-05-08,1.9191922278465454,31,False,58.14570968464708,-0.753446470043686,-0.061257260129516974,1975.930995317729,0.5901123064632597,0.05370190241480748,1049.6842161264226,0.7728581941232398,-0.36121768617592387,62.360266753361024,0.9387362839609223,-0.09701274045967588,40.144107018178644,-0.8259274270999822,-0.07924634412746104
Spring,2025-04-25,1.9229179520231119,32,False,57.38487607344709,-1.1450093215165895,-0.061257260129516974,1946.7985629399245,0.21039187469572035,0.05370190241480748,1048.4999105068414,0.7585798551947706,-0.36121768617592387,38.75472563824774,0.07652796587384536,-0.09701274045967588,165.91318144374068,1.0227882568828917,-0.07924634412746104
Spring,2025-05-06,1.9390748176836947,33,False,56.25178435215438,-1.7281547278688971,-0.061257260129516974,2002.9259310076038,0.9419719968166806,0.05370190241480748,969.1300105438521,-0.19832714047666974,-0.36121768617592387,28.142304868875687,-0.31109786391636196,-0.09701274045967588,67.36743333894073,-0.4257639483652795,-0.07924634412746104
Spring,2025-03-12,1.9451685458404797,34,False,58.9861059490824,-0.3209367164978853,-0.061257260129516974,1831.5962251686528,-1.2911882498827412,0.05370190241480748,905.5565121487048,-0.964788045454386,-0.36121768617592387,19.291335848616498,-0.6343854799546388,-0.09701274045967588,14.745478341679977,-1.1992691520062198,-0.07924634412746104
Spring,2025-05-31,1.95550646855081,35,False,59.77208863323621,0.08356909986607342,-0.061257260129516974,1963.7620728000104,0.43149909996374575,0.05370190241480748,1050.4837747375873,0.7824979092901935,-0.36121768617592387,54.807391787164356,0.6628624291922613,-0.09701274045967588,0.3097380600170529,-1.411464237248808,-0.07924634412746104
Spring,2025-05-28,1.9649608852532805,36,False,58.3610959949818,-0.6425979525736519,-0.061257260129516974,1882.5302791798376,-0.6272992642334121,0.05370190241480748,897.7554948943233,-1.05883941741721,-0.36121768617592387,59.343430241649365,0.8285442946300261,-0.09701274045967588,1.8233155571143325,-1.3892157276641772,-0.07924634412746104
Spring,2025-03-07,1.9689370415306062,37,False,61.08619031342186,0.7598712419431956,-0.061257260129516974,1848.813301055001,-1.0667759727149912,0.05370190241480748,1050.8053469384763,0.7863748788817849,-0.36121768617592387,49.20544656916351,0.4582475999504928,-0.09701274045967588,52.354788322947705,-0.6464391217009967,-0.07924634412746104
Spring,2025-04-30,1.9728462454257556,38,False,60.57431971127576,0.49643714858688487,-0.061257260129516974,1895.9721110310402,-0.45209459446563593,0.05370190241480748,923.3725892241489,-0.7499921493166334,-0.36121768617592387,77.8672344485419,1.505138743023059,-0.09701274045967588,37.92826817707388,-0.8584986775241344,-0.07924634412746104
Spring,2025-04-07,1.9914532027430256,39,False,58.37020486049471,-0.6379100769311817,-0.061257260129516974,1849.01985217122,-1.064083726560752,0.05370190241480748,907.5214728110187,-0.9410978983726308,-0.36121768617592387,70.59187695090824,1.2394014010605503,-0.09701274045967588,56.1424921224089,-0.590762577587683,-0.07924634412746104
Spring,2025-05-16,1.997525807997122,40,False,60.72351505494089,0.5732204995482831,-0.061257260129516974,1980.9410718086008,0.655415072247818,0.05370190241480748,1060.5824734509729,0.9042508086956736,-0.36121768617592387,10.790687943796403,-0.9448773808572118,-0.09701274045967588,155.66692213062726,0.8721755535547798,-0.07924634412746104
Spring,2025-05-12,2.0259595231478307,41,False,59.52767085351437,-0.042220456969634196,-0.061257260129516974,1918.4790284591597,-0.15873301405488938,0.05370190241480748,1012.0337842360759,0.3189334483099792,-0.36121768617592387,79.13967396696056,1.5516154550667778,-0.09701274045967588,27.179499313427876,-1.0164979128090397,-0.07924634412746104
Spring,2025-05-30,2.0670965632250433,42,False,58.7458668568599,-0.44457571272669155,-0.061257260129516974,1966.05384050932,0.4613706538664322,0.05370190241480748,905.2509597753336,-0.9684718752659291,-0.36121768617592387,73.78032948962192,1.3558617815830154,-0.09701274045967588,8.174058814618256,-1.2958643317131409,-0.07924634412746104
Spring,2025-05-07,2.0746830693662983,43,False,59.46835639003888,-0.0727466326145548,-0.061257260129516974,1883.5583949389322,-0.6138985102253861,0.05370190241480748,925.8004961780935,-0.720720584779545,-0.36121768617592387,75.60006468975212,1.422328837712628,-0.09701274045967588,9.84933659730677,-1.2712389432698366,-0.07924634412746104
Spring,2025-03-13,2.080730959955327,44,False,58.206190148672,-0.7223202124712179,-0.061257260129516974,1809.2290975901506,-1.5827277695275,0.05370190241480748,895.8195209488745,-1.0821800920646705,-0.36121768617592387,17.13836484954829,-0.7130241985056981,-0.09701274045967588,129.14008576397265,0.4822499803447543,-0.07924634412746104
Spring,2025-05-29,2.09270561833227,45,False,58.09854689391264,-0.7777187899721794,-0.061257260129516974,1957.0864527850563,0.34448716489698195,0.05370190241480748,900.1791675483729,-1.02961890285238,-0.36121768617592387,75.03002283083399,1.4015076741552988,-0.09701274045967588,19.940681415590895,-1.122903372516448,-0.07924634412746104
Spring,2025-03-31,2.104932851108247,46,False,58.02858948322263,-0.8137223560715224,-0.061257260129516974,1845.1745690056207,-1.1142042439612239,0.05370190241480748,923.2005081185281,-0.7520668100364807,-0.36121768617592387,66.60573064751344,1.093804717504815,-0.09701274045967588,25.344669452178856,-1.0434686029999645,-0.07924634412746104
Spring,2025-03-27,2.119044636211395,47,False,57.77336562690293,-0.9450732578630892,-0.061257260129516974,1863.0644953769638,-0.8810218416846634,0.05370190241480748,896.8982414666851,-1.069174718360676,-0.36121768617592387,5.553709049205597,-1.136161568859652,-0.09701274045967588,167.1377312715823,1.0407882658905847,-0.07924634412746104
Spring,2025-05-26,2.1200666148173943,48,False,58.42146997163889,-0.6115264987017297,-0.061257260129516974,1961.1211362932029,0.39707638037649834,0.05370190241480748,932.4630743631902,-0.6403945710451198,-0.36121768617592387,74.69944481490921,1.389433089051864,-0.09701274045967588,0.0111200679316921,-1.4158537087306422,-0.07924634412746104
Spring,2025-03-19,2.145487377904631,49,False,62.35015820857965,1.4103720425290065,-0.061257260129516974,1895.2358508965922,-0.4616912190289465,0.05370190241480748,1077.6480897121585,1.1099989272316384,-0.36121768617592387,32.42285911077211,-0.15474773174239317,-0.09701274045967588,95.23390272219623,-0.01614672536071577,-0.07924634412746104
Spring,2025-05-20,2.172853673331532,50,False,56.88510573109827,-1.4022160188167339,-0.061257260129516974,2040.88424014314,1.4367314232589778,0.05370190241480748,1032.9576265311055,0.5711974813725912,-0.36121768617592387,44.01390871596969,0.26862317664838126,-0.09701274045967588,96.7395301837065,0.005984924371482869,-0.07924634412746104
Spring,2025-05-24,2.1997927757128326,51,False,61.52695070972708,0.986708483428094,-0.061257260129516974,2016.418784684498,1.1178416996112195,0.05370190241480748,981.2965488278487,-0.051643755434108186,-0.36121768617592387,9.895910450176698,-0.9775597326013994,-0.09701274045967588,180.60901890796148,1.238806585183845,-0.07924634412746104
Spring,2025-05-01,2.211600244751088,52,False,60.961057251148674,0.6954715388334107,-0.061257260129516974,2007.3386788126834,0.9994890101609798,0.05370190241480748,935.699597758748,-0.6013740874574155,-0.36121768617592387,5.488539016104383,-1.1385419482949661,-0.09701274045967588,193.70028900812622,1.431238917758216,-0.07924634412746104
Spring,2025-04-29,2.2560442438479535,53,False,58.8128609890435,-0.4100971972620686,-0.061257260129516974,1877.8227434882522,-0.6886586269597404,0.05370190241480748,909.9178176818995,-0.9122068556466549,-0.36121768617592387,83.14723636820607,1.6979943760479466,-0.09701274045967588,26.714218543912132,-1.0233372082398768,-0.07924634412746104
Spring,2025-04-24,2.2605429872800182,54,False,56.45727953379857,-1.622396677614477,-0.061257260129516974,1892.7509356830433,-0.494080312584808,0.05370190241480748,905.1003567151196,-0.970287590316037,-0.36121768617592387,71.84681215281566,1.285238756131903,-0.09701274045967588,70.39107700216093,-0.38131854325673636,-0.07924634412746104
Spring,2025-03-02,2.2773922489692806,55,False,61.00031231217452,0.7156741473982203,-0.061257260129516974,1786.3350120314444,-1.8811358097671547,0.05370190241480748,953.5856400109725,-0.3857346704490847,-0.36121768617592387,15.03893715628622,-0.789707211681532,-0.09701274045967588,50.18704504326488,-0.6783034016784248,-0.07924634412746104
Spring,2025-03-01,2.2922949682329707,56,False,63.71378089150284,2.1121601578258535,-0.061257260129516974,1929.7131586362168,-0.012304157513033152,0.05370190241480748,959.379398198023,-0.31588340765295536,-0.36121768617592387,14.341779009060177,-0.815171383446509,-0.09701274045967588,84.59241626003961,-0.17256898586740435,-0.07924634412746104
Spring,2025-03-25,2.301104247385779,57,False,56.89206710919497,-1.3986333471029742,-0.061257260129516974,1846.1020515593696,-1.1021151718508326,0.05370190241480748,1033.51869942671,0.5779619421963552,-0.36121768617592387,7.529170341043369,-1.0640065121475197,-0.09701274045967588,131.3869030484608,0.5152765917899668,-0.07924634412746104
Spring,2025-04-17,2.313405377408266,58,False,57.97555622119115,-0.8410159127681113,-0.061257260129516974,1923.7994085887306,-0.08938566214934533,0.05370190241480748,926.4548624745926,-0.7128313511135885,-0.36121768617592387,0.0,-1.3390145394867377,-0.09701274045967588,209.8904902764694,1.6692233280620425,-0.07924634412746104
Spring,2025-04-04,2.3265114295623226,59,False,58.44091025712983,-0.6015215600289064,-0.061257260129516974,1855.8271709481744,-0.9753551922714635,0.05370190241480748,1057.9532808173453,0.8725524844536221,-0.36121768617592387,62.079324746293594,0.9284746875750411,-0.09701274045967588,7.95518463383593,-1.299081626049442,-0.07924634412746104
Spring,2025-05-27,2.3766583753489043,60,False,58.56340470899716,-0.5384798171869551,-0.061257260129516974,1999.8532863613677,0.901922270223102,0.05370190241480748,884.9170313145074,-1.2136237326163912,-0.36121768617592387,75.14683987441757,1.4057744954995304,-0.09701274045967588,1.8155119048659818,-1.3893304357859453,-0.07924634412746104
Spring,2025-05-22,2.4138865147526682,61,False,58.66619249105185,-0.48558010765068643,-0.061257260129516974,2025.2087667236408,1.2324128322872265,0.05370190241480748,1079.2889388275762,1.1297814896150693,-0.36121768617592387,62.746098393121855,0.9528290449597362,-0.09701274045967588,25.2576664082319,-1.0447474856874106,-0.07924634412746104
Spring,2025-03-03,2.463354809471227,62,False,61.18641205587123,0.8114503397582409,-0.061257260129516974,1846.3696742317031,-1.0986269016174581,0.05370190241480748,883.1391090794195,-1.2350588890838774,-0.36121768617592387,3.263277435141638,-1.2198211291309131,-0.09701274045967588,186.0462912330377,1.3187306099996894,-0.07924634412746104
Spring,2025-04-14,2.467471572838228,63,False,59.97707976838984,0.18906774270445517,-0.061257260129516974,2006.2527495015438,0.9853346978279969,0.05370190241480748,906.0626228192722,-0.958686225476337,-0.36121768617592387,0.0,-1.3390145394867377,-0.09701274045967588,213.74101809185476,1.7258233403975745,-0.07924634412746104
Spring,2025-05-09,2.5214502082525327,64,False,60.48073588509053,0.4482742529242727,-0.061257260129516974,1947.7129066202963,0.2223096909834948,0.05370190241480748,919.5231316080474,-0.7964023492048268,-0.36121768617592387,1.3960746830676594,-1.2880219696260513,-0.09701274045967588,234.64141344388497,2.0330442439879075,-0.07924634412746104
Spring,2025-03-08,2.526418728646556,65,False,62.33968211655828,1.4049805240632138,-0.061257260129516974,1804.0283236551631,-1.6505161401828587,0.05370190241480748,953.6279403790447,-0.38522468469697124,-0.36121768617592387,28.704279108520257,-0.2905713755969738,-0.09701274045967588,13.657286140422892,-1.2152648011659222,-0.07924634412746104
Spring,2025-03-11,2.5820683719521558,66,False,57.18389014834908,-1.2484466838765043,-0.061257260129516974,1812.6993459139608,-1.5374955632095082,0.05370190241480748,1059.5513052425251,0.8918187397017885,-0.36121768617592387,47.599554539511765,0.3995913099225134,-0.09701274045967588,26.07871741746398,-1.0326786215008041,-0.07924634412746104
Spring,2025-04-27,2.5888690413356974,67,False,59.50442355191028,-0.05418467565181458,-0.061257260129516974,2027.368801036779,1.2605673355357232,0.05370190241480748,1098.436106650351,1.360625409608063,-0.36121768617592387,57.95632369632972,0.7778792920522241,-0.09701274045967588,7.192106215002513,-1.3102983345085721,-0.07924634412746104
Spring,2025-03-28,2.5896716485260294,68,False,58.2623566821123,-0.6934141183298932,-0.061257260129516974,1810.2656564091355,-1.569216966269022,0.05370190241480748,903.3761829554078,-0.9910747392628126,-0.36121768617592387,0.0,-1.3390145394867377,-0.09701274045967588,180.51501591231968,1.2374248081994939,-0.07924634412746104
Spring,2025-03-15,2.624469222550265,69,False,61.78249337447511,1.1182234599075176,-0.061257260129516974,1883.995032495191,-0.60820725179429,0.05370190241480748,893.2125385727187,-1.1136106428717003,-0.36121768617592387,0.0,-1.3390145394867377,-0.09701274045967588,207.78500036180301,1.6382741281455298,-0.07924634412746104
Spring,2025-03-14,2.6358509713236744,70,False,57.22757390389993,-1.2259648486437538,-0.061257260129516974,1858.4891847492356,-0.9406577452199689,0.05370190241480748,873.9326660362146,-1.3460544901543268,-0.36121768617592387,0.0,-1.3390145394867377,-0.09701274045967588,189.2904434310738,1.3664173332830558,-0.07924634412746104
Spring,2025-03-24,2.6440418316893948,71,False,59.54501693520102,-0.033293299826309845,-0.061257260129516974,1785.197463148972,-1.8959629463140568,0.05370190241480748,1045.4232201175755,0.721486365617784,-0.36121768617592387,7.645834408987892,-1.0597452783417314,-0.09701274045967588,161.9632397141049,0.964726930919027,-0.07924634412746104
Spring,2025-04-05,2.646775832756923,72,False,62.25123061226943,1.3594589767412133,-0.061257260129516974,1870.5622212009241,-0.7832943450504325,0.05370190241480748,1114.8725489852886,1.5587880211470253,-0.36121768617592387,22.9873959544784,-0.49938439051197286,-0.09701274045967588,135.9700079089009,0.5826449641464678,-0.07924634412746104
Spring,2025-05-13,2.6944955851878105,73,False,61.16885777696901,0.8024160339634933,-0.061257260129516974,1902.8712623526058,-0.36216908860055014,0.05370190241480748,1105.4574689445797,1.445277030709062,-0.36121768617592387,76.00508908692477,1.4371226271270499,-0.09701274045967588,33.03801591891154,-0.930381897541375,-0.07924634412746104
Spring,2025-03-04,2.7085629532804445,74,False,57.44551980197009,-1.1137990399059174,-0.061257260129516974,1824.2880829650103,-1.3864446595431992,0.05370190241480748,897.0043645850554,-1.0678952666489014,-0.36121768617592387,10.495485248522733,-0.9556598585028407,-0.09701274045967588,207.1475712279556,1.6289043745510658,-0.07924634412746104
Spring,2025-04-26,2.7214054821357716,75,False,62.28069721063801,1.3746239551419568,-0.061257260129516974,2013.1586913366752,1.0753487131834583,0.05370190241480748,951.9816791262464,-0.405072497409853,-0.36121768617592387,81.58918886435804,1.6410856396101066,-0.09701274045967588,14.045009191948562,-1.2095655488682402,-0.07924634412746104
Spring,2025-04-20,2.7483193677835653,76,False,60.46852550569786,0.4419901838424416,-0.061257260129516974,1958.281096613407,0.360058493251129,0.05370190241480748,1163.6773304698115,2.1471929057006562,-0.36121768617592387,41.516817070193305,0.1774152192660488,-0.09701274045967588,28.638007938366428,-0.9950588763649568,-0.07924634412746104
Spring,2025-04-23,2.7980823762277236,77,False,55.65469088388595,-2.035448750621497,-0.061257260129516974,1862.2230021786236,-0.8919901040137178,0.05370190241480748,1079.946209041986,1.1377057337744871,-0.36121768617592387,48.68282257215679,0.4391584057967263,-0.09701274045967588,42.68034403134766,-0.7886465520839341,-0.07924634412746104
Spring,2025-05-03,2.8237741693907963,78,False,61.46645941227976,0.9555766504371584,-0.061257260129516974,2078.1007337154565,1.9218218140950252,0.05370190241480748,992.9250944644615,0.0885534310855696,-0.36121768617592387,4.196627422433706,-1.1857298910268876,-0.09701274045967588,188.6373357404081,1.3568171160867517,-0.07924634412746104
Spring,2025-03-21,2.9091055478467753,79,False,58.50837199366025,-0.5668023920895435,-0.061257260129516974,1773.2863622553969,-2.051215632237427,0.05370190241480748,1038.7639370231743,0.6412000784716428,-0.36121768617592387,0.0,-1.3390145394867377,-0.09701274045967588,166.36711812970648,1.0294608023771885,-0.07924634412746104
Spring,2025-05-17,2.9449929666912396,80,False,59.33943926831785,-0.1390938010909188,-0.061257260129516974,2071.664831248528,1.837934425913263,0.05370190241480748,1133.0569646424376,1.778024716199397,-0.36121768617592387,60.076695502206235,0.8553273030742444,-0.09701274045967588,90.16632954044871,-0.09063643647306474,-0.07924634412746104
Spring,2025-04-22,2.9539024121722575,81,False,55.095352844106664,-2.323311950366061,-0.061257260129516974,1941.4523385278517,0.1407076610416233,0.05370190241480748,927.3893998721372,-0.7015642917643381,-0.36121768617592387,3.045370014224214,-1.2277803447223583,-0.09701274045967588,191.99816115519405,1.40621885243427,-0.07924634412746104
Spring,2025-04-06,2.9547443425109825,82,False,64.05096350705136,2.285691117115408,-0.061257260129516974,1969.2819637001762,0.5034469321508582,0.05370190241480748,957.6104236917311,-0.33721068765487655,-0.36121768617592387,77.64553466183145,1.4970410087119614,-0.09701274045967588,43.88232119862279,-0.7709783450856705,-0.07924634412746104
Spring,2025-03-18,2.9803593612669457,83,False,62.53077940774894,1.5033287031471334,-0.061257260129516974,1820.3017304200364,-1.4384039154654193,0.05370190241480748,1025.767398450325,0.48450996438969807,-0.36121768617592387,0.0,-1.3390145394867377,-0.09701274045967588,185.95061004445935,1.3173241647762128,-0.07924634412746104
Spring,2025-05-10,2.9829121276213395,84,False,60.82585650042759,0.62589050206753,-0.061257260129516974,2012.5412472883568,1.067300771371417,0.05370190241480748,1092.7377600450136,1.2919244570687436,-0.36121768617592387,4.931845243980213,-1.1588755639749482,-0.09701274045967588,218.89967816880605,1.8016519638978663,-0.07924634412746104
Spring,2025-03-16,3.056135355432199,85,False,62.53356085315755,1.5047601734178748,-0.061257260129516974,1903.880814389834,-0.34901029943743833,0.05370190241480748,1101.4804458759081,1.397328863984232,-0.36121768617592387,0.0,-1.3390145394867377,-0.09701274045967588,189.2993296409198,1.3665479542293297,-0.07924634412746104
Spring,2025-05-18,3.0767369814917185,86,False,59.39970102009574,-0.10808010372851094,-0.061257260129516974,2073.576109228818,1.8628465681776494,0.05370190241480748,1131.7618008945544,1.7624098388785565,-0.36121768617592387,61.59935984063441,0.9109436455188066,-0.09701274045967588,35.449664636402694,-0.8949323816039585,-0.07924634412746104
Spring,2025-05-21,3.1105620973260906,87,False,59.85339752086654,0.12541470108814198,-0.061257260129516974,2111.200015449246,2.3532472916574747,0.05370190241480748,1085.8769295174718,1.209208254440514,-0.36121768617592387,12.92401891476745,-0.8669560275853577,-0.09701274045967588,168.32245953110922,1.058202926248457,-0.07924634412746104
Spring,2025-05-25,3.1952865659166316,88,False,60.85008055552944,0.6383574067235371,-0.061257260129516974,2130.822977470193,2.6090185748280823,0.05370190241480748,935.4449527169115,-0.604444163418958,-0.36121768617592387,76.71872417102644,1.4631886301299333,-0.09701274045967588,34.13003018014928,-0.9143300668262015,-0.07924634412746104
Spring,2025-05-11,3.4544882668099857,89,False,62.51649610283392,1.4959778033989473,-0.061257260129516974,2015.534333080354,1.106313505169792,0.05370190241480748,1192.1357800729725,2.490296393596273,-0.36121768617592387,47.8906130488417,0.4102224183800791,-0.09701274045967588,83.45880488133017,-0.1892322645385214,-0.07924634412746104
Spring,2025-04-13,3.5137531965437754,90,False,61.96728877302104,1.213328371321185,-0.061257260129516974,2042.2796648464519,1.4549197867972166,0.05370190241480748,1150.5768705019943,1.9892498845356614,-0.36121768617592387,0.0,-1.3390145394867377,-0.09701274045967588,179.41265867162105,1.2212209430638095,-0.07924634412746104
Spring,2025-05-04,3.6121645590351226,91,False,61.74010895869457,1.096410329603159,-0.061257260129516974,2003.1783290230803,0.9452618245307244,0.05370190241480748,1177.971755008763,2.319530716971661,-0.36121768617592387,81.387205999421,1.6337080791716265,-0.09701274045967588,32.781962775229694,-0.9341456961128427,-0.07924634412746104
Spring,2025-03-09,4.012951144772338,92,False,64.47061994923727,2.5016672132320337,-0.061257260129516974,1809.677194493618,-1.5768871466968453,0.05370190241480748,1139.8640171118984,1.8600925546490736,-0.36121768617592387,58.49678190129706,0.7976198926861535,-0.09701274045967588,18.247564293094392,-1.1477909865302716,-0.07924634412746104
Summer,2025-08-25,0.49935584621621576,1,True,72.85434048058156,0.3292138057057724,0.2656361197985294,2265.4704542780396,0.22793907006550435,0.13731679217499476,1101.9284010996012,0.2788069615938643,-0.14227027974532253,68.80938692852008,0.6439411140988996,0.4091938246359182,19.67770056860001,-0.5690736013261058,-0.500594344095237
Summer,2025-08-19,0.6616497232421567,2,False,73.28718470047463,0.40564821401312257,0.2656361197985294,2306.685729051305,0.5879317348869724,0.13731679217499476,1032.319906764053,-0.5156036370038314,-0.14227027974532253,63.04101941104083,0.3940311406578362,0.4091938246359182,6.529524621899598,-0.7753950728377547,-0.500594344095237
Summer,2025-06-28,0.7771846588609745,3,False,68.44157325551677,-0.4500209312839407,0.2656361197985294,2254.377633181746,0.1310494035811558,0.13731679217499476,1065.4624659781248,-0.13736243877603765,-0.14227027974532253,67.19219550324391,0.5738775710054289,0.4091938246359182,7.836169616394519,-0.7548911703116269,-0.500594344095237
Summer,2025-07-29,0.8713016220369313,4,False,73.10188432051,0.3729266845325566,0.2656361197985294,2288.6819887139586,0.4306790052509409,0.13731679217499476,1019.4101559260465,-0.6629368466769279,-0.14227027974532253,77.41346656335115,1.0167060786247857,0.4091938246359182,33.37038460755603,-0.35420769663227325,-0.500594344095237
Summer,2025-07-06,0.9120505718692645,5,False,75.24267509961231,0.7509612498339945,0.2656361197985294,2286.142087414486,0.40849437001047045,0.13731679217499476,1089.2926391784454,0.13460066482877145,-0.14227027974532253,78.66668290723165,1.0710006883676724,0.4091938246359182,29.78152590100674,-0.4105241478559476,-0.500594344095237
Summer,2025-08-18,0.9433385664567109,6,False,72.96275244712618,0.3483578860363854,0.2656361197985294,2288.349398993647,0.4277740177101346,0.13731679217499476,1137.0469212211392,0.6795989174883743,-0.14227027974532253,64.69570423550547,0.4657190557017787,0.4091938246359182,1.9646898922634735,-0.8470265616803085,-0.500594344095237
Summer,2025-08-23,1.0175588948345706,7,False,77.64759582896698,1.1756375756948685,0.2656361197985294,2280.6103198908113,0.36017743550073733,0.13731679217499476,1067.0740605456201,-0.11897003110680662,-0.14227027974532253,68.21384549451014,0.6181397511473384,0.4091938246359182,2.5765277964989193,-0.8374255875801604,-0.500594344095237
Summer,2025-07-23,1.0935322203108797,8,False,72.72882729404652,0.3070498822740465,0.2656361197985294,2303.2041579444913,0.5575221338979661,0.13731679217499476,1008.3576687916927,-0.789073936757777,-0.14227027974532253,79.56996394776084,1.1101346270712025,0.4091938246359182,3.1132843296252086,-0.8290027920374906,-0.500594344095237
Summer,2025-07-31,1.0982190107288643,9,False,74.06070997822775,0.5422422684062819,0.2656361197985294,2185.125003807316,-0.4738340706051201,0.13731679217499476,1020.9171469038534,-0.645738232970532,-0.14227027974532253,75.91289013804484,0.9516947884359694,0.4091938246359182,53.12512973064693,-0.044215793599021856,-0.500594344095237
Summer,2025-08-21,1.1635319929004642,10,False,76.40658349043775,0.9564916579763971,0.2656361197985294,2159.618525777586,-0.6966190707451352,0.13731679217499476,1044.1086253462877,-0.38106426684494854,-0.14227027974532253,67.92715628399736,0.6057191672008433,0.4091938246359182,5.415201524912492,-0.7928810558396397,-0.500594344095237
Summer,2025-07-24,1.1706270072749907,11,False,73.51003498058138,0.4450005456794551,0.2656361197985294,2307.672690589316,0.5965522988914471,0.13731679217499476,1000.2909807322844,-0.8811354380320953,-0.14227027974532253,80.98858514761719,1.1715952717518237,0.4091938246359182,24.742802424447103,-0.48959190953166254,-0.500594344095237
Summer,2025-08-08,1.2282273276649345,12,False,75.79709753145994,0.8488647185254888,0.2656361197985294,2255.812729883697,0.14358418076883375,0.13731679217499476,1026.1483696452797,-0.5860366286033765,-0.14227027974532253,41.80181836753863,-0.52614049414302,0.4091938246359182,4.238283548399462,-0.8113492790933464,-0.500594344095237
Summer,2025-08-20,1.237218479610809,13,False,73.83590000223973,0.5025438810731229,0.2656361197985294,2313.4754041688434,0.6472357975744347,0.13731679217499476,1154.6041907574604,0.8799721784707932,-0.14227027974532253,70.66352353940941,0.7242701204909793,0.4091938246359182,7.143373759426831,-0.7657625384197346,-0.500594344095237
Summer,2025-08-27,1.2789838405933271,14,False,76.5494073037777,0.9817124029075295,0.2656361197985294,2362.39559666187,1.0745266637890971,0.13731679217499476,1096.7460632697234,0.21966325884800278,-0.14227027974532253,63.551601316570206,0.4161516990417608,0.4091938246359182,2.560216636501996,-0.8376815426682478,-0.500594344095237
Summer,2025-07-07,1.3002455220046911,15,False,74.67730618597957,0.6511247811858438,0.2656361197985294,2223.422454325424,-0.13932698934152388,0.13731679217499476,1145.88842398119,0.7805030322399014,-0.14227027974532253,79.69810110646291,1.1156860684159182,0.4091938246359182,2.443748773597656,-0.8395091589821496,-0.500594344095237
Summer,2025-06-29,1.3457285487635646,16,False,67.6057240883244,-0.5976205377759106,0.2656361197985294,2216.3848522089097,-0.20079655745224217,0.13731679217499476,1091.752758556893,0.1626769064815998,-0.14227027974532253,83.829458254312,1.29467385862969,0.4091938246359182,6.661099333626777,-0.7733303995136891,-0.500594344095237
Summer,2025-07-03,1.3500489098078001,17,False,71.8438435770023,0.15077378185476628,0.2656361197985294,2171.210274199667,-0.5953715495928132,0.13731679217499476,999.0759794537012,-0.8950017039559565,-0.14227027974532253,81.81130641800074,1.2072390219476852,0.4091938246359182,7.286784753477782,-0.7635121298882785,-0.500594344095237
Summer,2025-07-04,1.3525050667805179,18,False,75.78576648963718,0.8468638104910874,0.2656361197985294,2234.0489139993133,-0.04651073234297344,0.13731679217499476,1157.5155614319854,0.9131983492473104,-0.14227027974532253,76.88409676659514,0.9937715496706372,0.4091938246359182,21.259035241346044,-0.5442592622150424,-0.500594344095237
Summer,2025-07-21,1.3667314018151355,19,False,75.18380528571205,0.740565640545873,0.2656361197985294,2315.7289817423357,0.6669195531851004,0.13731679217499476,1147.5262817524456,0.7991951701018251,-0.14227027974532253,79.17059306830772,1.0928321986848646,0.4091938246359182,18.27132280675818,-0.5911425126717351,-0.500594344095237
Summer,2025-07-02,1.373913274427819,20,False,69.72344712599545,-0.22365942219668702,0.2656361197985294,2167.261660953564,-0.6298605057536973,0.13731679217499476,1015.309138811589,-0.7097399199491476,-0.14227027974532253,81.71366534897355,1.2030087996372305,0.4091938246359182,3.1472277644898012,-0.8284701508971672,-0.500594344095237
Summer,2025-07-15,1.3908309102723733,21,False,69.71692743835513,-0.22481071045290946,0.2656361197985294,2188.2069391484665,-0.4469150673382057,0.13731679217499476,984.1345207607691,-1.065521886262403,-0.14227027974532253,74.7581900820453,0.9016683191701305,0.4091938246359182,56.38699378472513,0.006969450212478541,-0.500594344095237
Summer,2025-06-22,1.4062490962963445,22,False,66.78371132114493,-0.7427768240166533,0.2656361197985294,2180.674859184961,-0.5127036263767492,0.13731679217499476,1038.6523690712247,-0.44333407823722903,-0.14227027974532253,48.22102151173046,-0.24803358045961296,0.4091938246359182,16.101089112339473,-0.6251978684238764,-0.500594344095237
Summer,2025-07-01,1.4238502766856953,23,False,70.01712566921248,-0.17179978158763987,0.2656361197985294,2212.4571293064514,-0.23510304799767096,0.13731679217499476,978.1709212523348,-1.1335817789596196,-0.14227027974532253,81.40396388773941,1.189591228076966,0.4091938246359182,3.3344830189020462,-0.8255317372498873,-0.500594344095237
Summer,2025-08-07,1.4905025218356216,24,False,74.46317123465646,0.6133114581701199,0.2656361197985294,2323.0900033640305,0.7312140120715241,0.13731679217499476,1027.5462593922787,-0.5700831384253833,-0.14227027974532253,36.55723743212627,-0.7533578270031093,0.4091938246359182,53.48416134481645,-0.03858186146615845,-0.500594344095237
Summer,2025-07-25,1.5156561426119268,25,False,75.95962287140777,0.8775644853767881,0.2656361197985294,2342.180519411964,0.8979591273890714,0.13731679217499476,1129.8316640673127,0.5972544161552884,-0.14227027974532253,69.97837750901712,0.6945867090682946,0.4091938246359182,77.95886500567676,0.3454757366820827,-0.500594344095237
Summer,2025-07-09,1.5497006491988083,26,False,71.11062089273314,0.021296617891514952,0.2656361197985294,2150.58128048863,-0.775554417703609,0.13731679217499476,1056.0715115805199,-0.24453719920746836,-0.14227027974532253,63.23040103663958,0.4022359502300756,0.4091938246359182,102.03925918616729,0.7233458216307227,-0.500594344095237
Summer,2025-07-30,1.5783603156418509,27,False,77.0334756312056,1.0671922926388073,0.2656361197985294,2232.801263610386,-0.057408269499922907,0.13731679217499476,1030.8970398770514,-0.5318421801043186,-0.14227027974532253,46.33144929797045,-0.32989780639958827,0.4091938246359182,91.2661233747088,0.554293533128852,-0.500594344095237
Summer,2025-08-29,1.6454535734308124,28,False,78.1984511882971,1.2729111478445243,0.2656361197985294,2305.617193857618,0.5785986700476146,0.13731679217499476,1166.2759766971296,1.0131770487031553,-0.14227027974532253,66.820170945198,0.5577599004272366,0.4091938246359182,0.1077050075607746,-0.8761664100927341,-0.500594344095237
Summer,2025-07-18,1.6465849654793945,29,False,68.05763218671602,-0.5178197075409664,0.2656361197985294,2286.3636486807263,0.41042958531823803,0.13731679217499476,1124.5798287254652,0.5373175694029093,-0.14227027974532253,49.328829143734524,-0.20003868848141856,0.4091938246359182,93.5546790343263,0.5902055998096366,-0.500594344095237
Summer,2025-08-14,1.6763055637487447,30,False,73.94701019022361,0.5221644306499765,0.2656361197985294,2405.1956898650583,1.4483618424112064,0.13731679217499476,1143.301451977346,0.7509790783353317,-0.14227027974532253,72.05628649153677,0.7846104769819865,0.4091938246359182,5.29666146150387,-0.7947411891702777,-0.500594344095237
Summer,2025-08-15,1.6780907317731113,31,False,70.73205281848445,-0.045553360528896664,0.2656361197985294,2308.520100235745,0.6039539541877306,0.13731679217499476,1192.869988582297,1.316682606501452,-0.14227027974532253,74.47336003489559,0.889328282010101,0.4091938246359182,0.0,-0.877856519484272,-0.500594344095237
Summer,2025-08-26,1.6872674033611874,32,False,76.75309171399354,1.0176803023521046,0.2656361197985294,2345.546185757416,0.927356364293705,0.13731679217499476,962.9543689839328,-1.3072414811485962,-0.14227027974532253,65.42412767220448,0.49727742662174507,0.4091938246359182,58.49070855921595,0.0399809895829011,-0.500594344095237
Summer,2025-06-27,1.6882678045199095,33,False,66.22832838570847,-0.8408499045918606,0.2656361197985294,2120.503347434176,-1.0382685529886728,0.13731679217499476,1096.1528389409455,0.212893055029838,-0.14227027974532253,58.80157690866809,0.21036063770141677,0.4091938246359182,6.2140944518126355,-0.78034481013328,-0.500594344095237
Summer,2025-07-28,1.7818451785354994,34,False,77.96952304911991,1.2324855488444186,0.2656361197985294,2160.0256841242153,-0.6930627674324984,0.13731679217499476,1146.100139863196,0.7829192508661269,-0.14227027974532253,82.62682737365412,1.2425708241864284,0.4091938246359182,24.825564133860052,-0.48829321093346006,-0.500594344095237
Summer,2025-07-08,1.824542821632611,35,False,72.14965583035384,0.20477607081645402,0.2656361197985294,2382.6941677832892,1.251823473048944,0.13731679217499476,949.0569326714706,-1.4658467031885498,-0.14227027974532253,68.02794763783358,0.6100858731161599,0.4091938246359182,58.413616663840145,0.03877126183358919,-0.500594344095237
Summer,2025-08-01,1.8346220465934497,36,False,74.87287849810956,0.6856601943251217,0.2656361197985294,2292.072572978839,0.4602938864213518,0.13731679217499476,1215.3711415658993,1.573478197060766,-0.14227027974532253,70.36662200083111,0.7114070954850522,0.4091938246359182,9.795087465714493,-0.7241517875348427,-0.500594344095237
Summer,2025-07-22,1.8637677912785162,37,False,72.82739946513824,0.32445638841805274,0.2656361197985294,2107.378653865014,-1.1529055034620104,0.13731679217499476,1164.2322992568763,0.9898534725484112,-0.14227027974532253,79.38788952229176,1.1022463961817186,0.4091938246359182,10.754850179780778,-0.7090911695243374,-0.500594344095237
Summer,2025-07-19,1.8870837905397067,38,False,75.9777697050567,0.8807689696435536,0.2656361197985294,2290.342104668579,0.44517920134823985,0.13731679217499476,1083.330266302325,0.06655477113728146,-0.14227027974532253,48.22040440485628,-0.24806031612825222,0.4091938246359182,127.04108385092454,1.1156750143811038,-0.500594344095237
Summer,2025-08-02,1.942159566512863,39,False,80.80988862285997,1.7340555179640738,0.2656361197985294,2381.846143764176,1.2444164515465357,0.13731679217499476,1071.1138616947828,-0.07286558825459163,-0.14227027974532253,74.81184270448601,0.9039927767239481,0.4091938246359182,0.1619614176474451,-0.8753150172901583,-0.500594344095237
Summer,2025-08-31,1.942875148023191,40,False,78.60331358605298,1.3444043465431468,0.2656361197985294,2397.960159581079,1.3851634810596112,0.13731679217499476,1064.60238827797,-0.1471781207146074,-0.14227027974532253,39.69694258201006,-0.617332577529561,0.4091938246359182,23.340505858568193,-0.5115967786588114,-0.500594344095237
Summer,2025-08-17,1.9477372867308838,41,False,74.41351801217883,0.6045433737041462,0.2656361197985294,2465.2622321331996,1.9730099185595638,0.13731679217499476,1036.5629582827828,-0.46717958863085,-0.14227027974532253,69.09926861688669,0.6565000096306475,0.4091938246359182,0.0,-0.877856519484272,-0.500594344095237
Summer,2025-07-14,1.9846222809170693,42,False,68.13473236052549,-0.50420486438336,0.2656361197985294,2216.5240602301155,-0.1995806522618947,0.13731679217499476,957.5332993510451,-1.3691097231384648,-0.14227027974532253,64.11545635036363,0.44058027369358926,0.4091938246359182,107.77494083499467,0.8133502665594813,-0.500594344095237
Summer,2025-08-28,1.9973982735724205,43,False,81.78070303601002,1.9054881531594863,0.2656361197985294,2342.807903813971,0.9034389836799344,0.13731679217499476,999.091155696908,-0.8948285042830503,-0.14227027974532253,65.04734252464908,0.48095350725751834,0.4091938246359182,0.023501554967267,-0.8774877325572249,-0.500594344095237
Summer,2025-08-22,2.0421556779686743,44,False,72.25977917531259,0.2242223573230123,0.2656361197985294,2350.699249205274,0.9723655278330406,0.13731679217499476,1223.4437223296852,1.6656069491333765,-0.14227027974532253,69.09804367627265,0.6564469400446002,0.4091938246359182,0.0424871868700209,-0.8771898095960755,-0.500594344095237
Summer,2025-08-13,2.14318465516368,45,False,76.53326081598,0.9788611525399866,0.2656361197985294,2428.567984522612,1.6525059293559572,0.13731679217499476,1164.7668044411591,0.995953541045121,-0.14227027974532253,70.12193313033431,0.7008061431459575,0.4091938246359182,64.75501293917735,0.13828059425124675,-0.500594344095237
Summer,2025-06-30,2.1656944823451982,46,False,66.70335080714766,-0.7569673989541535,0.2656361197985294,2055.181671467049,-1.6088173199536788,0.13731679217499476,1089.789861336916,0.1402752388346756,-0.14227027974532253,77.83995299552885,1.035183266948091,0.4091938246359182,1.6160712540902429,-0.8524970931605583,-0.500594344095237
Summer,2025-06-26,2.2613992037828856,47,False,64.31753382317474,-1.17827026293752,0.2656361197985294,2089.5062927604704,-1.3090107080511004,0.13731679217499476,992.3845159460388,-0.9713683827838587,-0.14227027974532253,73.09469143131301,0.8295985520542131,0.4091938246359182,6.81733244452996,-0.7708787860373364,-0.500594344095237
Summer,2025-06-15,2.2637402142135925,48,False,63.36748472312271,-1.3460360259719597,0.2656361197985294,2155.4638014618076,-0.7329082932788591,0.13731679217499476,1007.8736396991405,-0.7945979442057692,-0.14227027974532253,41.35051728164613,-0.5456927577683108,0.4091938246359182,65.94652615253861,0.15697784628855022,-0.500594344095237
Summer,2025-06-25,2.285582855452415,49,False,65.81514214093805,-0.9138129815796151,0.2656361197985294,2075.459711214792,-1.4316998409048458,0.13731679217499476,973.1367895813031,-1.1910340711314038,-0.14227027974532253,71.70945418098145,0.7695842406583241,0.4091938246359182,47.987010840260815,-0.12484327033523798,-0.500594344095237
Summer,2025-06-01,2.2908537340466033,50,False,62.1270191796187,-1.5650853871181183,0.2656361197985294,2144.439900593952,-0.8291959796276397,0.13731679217499476,1011.9113505410078,-0.7485173570953815,-0.14227027974532253,78.91700241848957,1.0818455837771082,0.4091938246359182,0.0,-0.877856519484272,-0.500594344095237
Summer,2025-06-23,2.306074435615047,51,False,61.17854207860712,-1.7325735564802969,0.2656361197985294,2128.780260252105,-0.9659742902859986,0.13731679217499476,1081.716165396726,0.04813375975276651,-0.14227027974532253,62.55157980764773,0.37282655583997665,0.4091938246359182,7.143886644800951,-0.7657544902109539,-0.500594344095237
Summer,2025-08-09,2.3535577382282997,52,False,77.5989493259486,1.1670472642073988,0.2656361197985294,2317.695148098567,0.684092930530172,0.13731679217499476,1079.4215929110644,0.021946830711129475,-0.14227027974532253,15.01421353878822,-1.686692347161597,0.4091938246359182,29.74927334647876,-0.4110302556641484,-0.500594344095237
Summer,2025-06-05,2.361620297079712,53,False,62.89397387038349,-1.4296516091144857,0.2656361197985294,2136.3121039619496,-0.9001877947927185,0.13731679217499476,997.365345670397,-0.9145244018787889,-0.14227027974532253,86.16052019346095,1.395665278738921,0.4091938246359182,8.782905003033406,-0.740034977414961,-0.500594344095237
Summer,2025-07-05,2.391906440602784,54,False,75.4899256008369,0.7946223290311836,0.2656361197985294,2360.9245287878634,1.061677698277883,0.13731679217499476,1239.686293649303,1.8509761476479007,-0.14227027974532253,81.42462422325171,1.1904863208191532,0.4091938246359182,20.27280528701134,-0.5597352047527802,-0.500594344095237
Summer,2025-06-11,2.4105533181176155,55,False,61.10735694651648,-1.7451438836362718,0.2656361197985294,2142.4051240918516,-0.8469686287082775,0.13731679217499476,992.3000659485592,-0.9723321728168103,-0.14227027974532253,69.70629245596717,0.6827988387262298,0.4091938246359182,12.14492182735956,-0.6872781340890266,-0.500594344095237
Summer,2025-08-10,2.4147962761965416,56,False,80.15829120423473,1.6189922668953154,0.2656361197985294,2319.2131344322383,0.6973517028767613,0.13731679217499476,1095.467130767931,0.20506737448053744,-0.14227027974532253,25.895234259530646,-1.2152807058103003,0.4091938246359182,85.38060263478002,0.46193780982571425,-0.500594344095237
Summer,2025-08-16,2.4541964487803347,57,False,77.5763191246734,1.1630510781320185,0.2656361197985294,2381.740297727831,1.2434919448704518,0.13731679217499476,1230.3462645181958,1.7443825744958144,-0.14227027974532253,75.90872208455139,0.9515142108055229,0.4091938246359182,0.1520013996159065,-0.8754713101162415,-0.500594344095237
Summer,2025-07-13,2.455445630222802,58,False,70.9463698030849,-0.007707892909626372,0.2656361197985294,2383.1490148450275,1.2557963109529044,0.13731679217499476,1034.6224798519913,-0.4893254006683865,-0.14227027974532253,19.942391135776766,-1.4731829394055438,0.4091938246359182,89.02128773128705,0.519067521921662,-0.500594344095237
Summer,2025-07-20,2.48451312343748,59,False,75.35111706484354,0.7701106275250778,0.2656361197985294,2413.66373270786,1.5223255203333539,0.13731679217499476,1238.5236497201395,1.8377074127249688,-0.14227027974532253,66.64528906375733,0.5501832808353455,0.4091938246359182,39.634780544542295,-0.2559066552490422,-0.500594344095237
Summer,2025-07-26,2.5325785677629624,60,False,74.68037313425462,0.6516663625815027,0.2656361197985294,2381.6754996291647,1.242925969262073,0.13731679217499476,1181.0736929878778,1.1820567632929422,-0.14227027974532253,50.49192786028074,-0.14964835387104322,0.4091938246359182,133.98474253504097,1.2246350620096926,-0.500594344095237
Summer,2025-06-06,2.5336474646603477,61,False,61.74369689965729,-1.6327748936734165,0.2656361197985294,2138.3080464501354,-0.8827543393783075,0.13731679217499476,1169.3763881208693,1.048560656961642,-0.14227027974532253,49.91416284336289,-0.17467956757155534,0.4091938246359182,16.01272161753054,-0.6265845331320978,-0.500594344095237
Summer,2025-06-19,2.5516517090083712,62,False,64.08772569254614,-1.2188512564717628,0.2656361197985294,2096.3112021026777,-1.2495735828239563,0.13731679217499476,951.8536624999389,-1.4339288770904939,-0.14227027974532253,53.15303433291469,-0.03435801463995153,0.4091938246359182,69.93539897755173,0.21957132802059737,-0.500594344095237
Summer,2025-06-08,2.5551246811362955,63,False,67.06066938478111,-0.6938697929253987,0.2656361197985294,2068.574690189884,-1.4918366974402821,0.13731679217499476,1027.7636014869327,-0.5676027103517312,-0.14227027974532253,25.414955876062525,-1.236088387999955,0.4091938246359182,7.668963268641435,-0.7575149760664597,-0.500594344095237
Summer,2025-08-12,2.5684499426410676,64,False,73.16701187675622,0.38442732609689034,0.2656361197985294,2316.245500336942,0.6714310578717737,0.13731679217499476,986.4054828390734,-1.0396044122351402,-0.14227027974532253,19.566978503727594,-1.4894473956179048,0.4091938246359182,111.59331897173485,0.8732683418235901,-0.500594344095237
Summer,2025-08-03,2.594787793810529,65,False,77.73907175077551,1.1917909806300926,0.2656361197985294,2331.3430942614823,0.8033002034540131,0.13731679217499476,1198.044231677395,1.3757339276613683,-0.14227027974532253,40.28814231757023,-0.5917193152392329,0.4091938246359182,116.94853139640323,0.9573024551632677,-0.500594344095237
Summer,2025-06-17,2.6054539878056495,66,False,64.29006071115879,-1.18312164125053,0.2656361197985294,2088.243967350145,-1.3200364234159705,0.13731679217499476,998.6951700165378,-0.8993477116640148,-0.14227027974532253,56.70096180480439,0.11935314498779721,0.4091938246359182,112.07764213183675,0.8808683517021068,-0.500594344095237
Summer,2025-06-24,2.635026663279919,67,False,63.93000303259048,-1.246702935289031,0.2656361197985294,2084.2908669159706,-1.3545645726866968,0.13731679217499476,978.420751820862,-1.1307305744710547,-0.14227027974532253,36.5131246447514,-0.7552689787263411,0.4091938246359182,43.93608071510979,-0.18841055661130682,-0.500594344095237
Summer,2025-06-07,2.6512173109251203,68,False,65.36410295072874,-0.9934603744351602,0.2656361197985294,2124.014937454689,-1.0075967533658532,0.13731679217499476,1210.2303180696895,1.5148082788289112,-0.14227027974532253,36.22791512284294,-0.7676254563310188,0.4091938246359182,26.88392829714367,-0.45599331437008195,-0.500594344095237
Summer,2025-08-30,2.69412440023652,69,False,79.05661644974566,1.4244514733799962,0.2656361197985294,2374.3401103232122,1.1788553944987175,0.13731679217499476,1254.2235464630637,2.0168833091227034,-0.14227027974532253,59.16807964341633,0.22623907964005296,0.4091938246359182,0.606709449733444,-0.8683360212070612,-0.500594344095237
Summer,2025-06-18,2.7397712792126563,70,False,62.36179326219158,-1.5236274739414275,0.2656361197985294,2067.861300304348,-1.498067764134941,0.13731679217499476,954.6305452493649,-1.4022375568247059,-0.14227027974532253,67.62982074789358,0.5928373395943988,0.4091938246359182,17.943400888255443,-0.596288270763251,-0.500594344095237
Summer,2025-08-24,2.802519626892291,71,False,78.15813219648315,1.2657913616923393,0.2656361197985294,2396.506573412233,1.3724672085890486,0.13731679217499476,1265.180552194318,2.1419307126744105,-0.14227027974532253,65.6417342301289,0.5067050591272515,0.4091938246359182,3.7763207788172495,-0.8185984092228925,-0.500594344095237
Summer,2025-08-04,2.811557613897465,72,False,73.12153927911707,0.3763974831764857,0.2656361197985294,2225.6218650658166,-0.1201163511054189,0.13731679217499476,993.2245322337955,-0.9617816527682411,-0.14227027974532253,32.18999237407876,-0.9425652748919727,0.4091938246359182,171.13105309435824,1.8075357994880628,-0.500594344095237
Summer,2025-06-12,2.879404642042904,73,False,63.2353039185563,-1.3693773601570827,0.2656361197985294,2081.975335253678,-1.3747894630501074,0.13731679217499476,1125.9922140824876,0.5534364914918452,-0.14227027974532253,25.083762344865555,-1.2504370865415235,0.4091938246359182,4.622897482094758,-0.8053139086293689,-0.500594344095237
Summer,2025-07-16,2.945098582913426,74,False,70.86375069646927,-0.022297304616702502,0.2656361197985294,2291.2938038902535,0.4534917684924327,0.13731679217499476,1002.2506177451689,-0.8587709776698953,-0.14227027974532253,22.85155871810097,-1.3471455482318355,0.4091938246359182,165.00050897083074,1.7113351637602827,-0.500594344095237
Summer,2025-06-13,3.008875492217614,75,False,62.47286335757877,-1.5040140041724246,0.2656361197985294,2057.014850177356,-1.5928055162559516,0.13731679217499476,1120.8390741108676,0.49462601083730573,-0.14227027974532253,28.885672137677837,-1.0857223431643124,0.4091938246359182,58.2371464730964,0.03600208764701105,-0.500594344095237
Summer,2025-06-16,3.027929294894274,76,False,60.95893568535788,-1.7713530618013194,0.2656361197985294,2063.902745741181,-1.5326435522104807,0.13731679217499476,999.2091504586425,-0.8934818828657122,-0.14227027974532253,53.01292799303043,-0.040428011319827005,0.4091938246359182,101.14259498206495,0.7092753468521553,-0.500594344095237
Summer,2025-08-11,3.042192077747416,77,False,71.73778904007675,0.13204599156518504,0.2656361197985294,2220.6267537657513,-0.1637458898597433,0.13731679217499476,1234.7737385019059,1.7949113539393122,-0.14227027974532253,9.994672964277639,-1.9041599838648944,0.4091938246359182,10.955320199294768,-0.705945389487033,-0.500594344095237
Summer,2025-06-09,3.046937226699785,78,False,62.64408046393288,-1.4737793894662232,0.2656361197985294,2015.6895793452081,-1.9537589359086043,0.13731679217499476,977.4539619340271,-1.1417641148464068,-0.14227027974532253,41.71662484220199,-0.5298314364399032,0.4091938246359182,19.578021276411526,-0.5706377710122233,-0.500594344095237
Summer,2025-08-05,3.0597517168408097,79,False,72.75035378034009,0.3108511672795192,0.2656361197985294,2467.933798412311,1.9963445746877875,0.13731679217499476,975.2010109986131,-1.1674760357591891,-0.14227027974532253,28.644038451544343,-1.096190932050354,0.4091938246359182,126.53704445727104,1.1077656169239969,-0.500594344095237
Summer,2025-06-10,3.142696774296802,80,False,62.78027389263919,-1.449729480376326,0.2656361197985294,2069.5011710616786,-1.4837443986559553,0.13731679217499476,1206.3156063041781,1.4701314251393878,-0.14227027974532253,33.4937524417882,-0.8860808981757734,0.4091938246359182,13.255342674217829,-0.6698533852835846,-0.500594344095237
Summer,2025-07-12,3.1989384680383393,81,False,71.7739309728214,0.13842816583819306,0.2656361197985294,2382.341063649123,1.2487393034317995,0.13731679217499476,1028.0750675124068,-0.5640480879726432,-0.14227027974532253,16.780264557987273,-1.6101795795603282,0.4091938246359182,162.57934320975622,1.673342176396596,-0.500594344095237
Summer,2025-07-10,3.229786441250384,82,False,72.75850595855007,0.31229073119017986,0.2656361197985294,2263.9631234771246,0.2147733679132318,0.13731679217499476,1019.7694353814243,-0.65883655101711,-0.14227027974532253,27.62818873609606,-1.1402018198168695,0.4091938246359182,201.5163860507802,2.284343124956935,-0.500594344095237
Summer,2025-06-04,3.2659971144827713,83,False,62.34865624270499,-1.5259472930939806,0.2656361197985294,2142.83048974956,-0.8432532945879935,0.13731679217499476,952.4100415663528,-1.4275791717647837,-0.14227027974532253,30.246492010302774,-1.0267658954006678,0.4091938246359182,130.322899899826,1.1671733453423518,-0.500594344095237
Summer,2025-07-27,3.419284939122808,84,False,78.12627452059317,1.2601657289709423,0.2656361197985294,2391.205061210018,1.3261614271583018,0.13731679217499476,1190.1299944427437,1.2854122794338378,-0.14227027974532253,28.642299494826233,-1.0962662709787288,0.4091938246359182,166.31603520996492,1.7319784309762547,-0.500594344095237
Summer,2025-06-14,3.521829928707107,85,False,63.32270590893804,-1.3539433561605327,0.2656361197985294,2031.7618913774115,-1.813376165924789,0.13731679217499476,987.6513861826439,-1.025385474871123,-0.14227027974532253,33.7173917216682,-0.8763919027492802,0.4091938246359182,143.98364230815457,1.3815380212527963,-0.500594344095237
Summer,2025-07-17,3.6724493242851453,86,False,72.87142310976897,0.3322303659236642,0.2656361197985294,2220.3705844563433,-0.16598338731297146,0.13731679217499476,1179.6552717769937,1.1658689567047065,-0.14227027974532253,11.045314008140442,-1.8586417892331861,0.4091938246359182,186.9645569423768,2.055995496586074,-0.500594344095237
Summer,2025-06-02,3.7245364670350143,87,False,60.37924053914671,-1.8737193484765575,0.2656361197985294,2073.025855312896,-1.4529582281589657,0.13731679217499476,972.7436911508249,-1.195520327621289,-0.14227027974532253,21.395643240686397,-1.4102219380753367,0.4091938246359182,121.66509899414731,1.0313149395714136,-0.500594344095237
Summer,2025-08-06,3.894322472880946,88,False,71.4802887792124,0.08657494407605162,0.2656361197985294,2313.439033182954,0.6469181170978514,0.13731679217499476,1156.568252272905,0.9023871337009091,-0.14227027974532253,10.963688987455035,-1.8621781288803747,0.4091938246359182,211.18059181408842,2.4359940583000874,-0.500594344095237
Summer,2025-06-20,4.086495115947253,89,False,64.30809392309284,-1.179937221034867,0.2656361197985294,2170.9737863375944,-0.5974371404722558,0.13731679217499476,981.9581662013991,-1.0903596470094705,-0.14227027974532253,11.606801430603888,-1.834315789475,0.4091938246359182,205.83232592630645,2.3520689501728533,-0.500594344095237
Summer,2025-07-11,4.088077225588583,90,False,70.16917357175699,-0.14495018782793975,0.2656361197985294,2269.415550666972,0.2623973084211207,0.13731679217499476,1037.1974651483106,-0.4599382456931842,-0.14227027974532253,10.282652373925512,-1.8916835030583936,0.4091938246359182,236.67485695847336,2.8360506380888344,-0.500594344095237
Summer,2025-06-21,4.108375496559065,91,False,68.68862253968484,-0.4063953842850556,0.2656361197985294,2172.3137050448317,-0.5857336905082299,0.13731679217499476,1206.8508264402274,1.4762396530606932,-0.14227027974532253,6.476841758143135,-2.0565672465143794,0.4091938246359182,195.0948156297666,2.1835756980491974,-0.500594344095237
Summer,2025-06-03,4.109099899450379,92,False,61.43922530447549,-1.6865404406174527,0.2656361197985294,2121.949466830841,-1.0256374986497296,0.13731679217499476,1113.734536980765,0.4135451075918211,-0.14227027974532253,11.948748458309224,-1.8195012041780083,0.4091938246359182,185.827459515464,2.0381521382887864,-0.500594344095237
Autumn,2025-10-15,0.6524906063520075,1,True,61.23983782794224,-0.37415940021964683,-0.29158162988920433,2003.8288816126335,0.09345983795919942,0.008762350173069379,923.4330177449041,-0.7598115380869515,-0.24771250272802633,30.394339033019666,-0.17450683578770163,0.19743573813070636,74.67833271412451,-0.21184516153056573,-0.10618278185364642
Autumn,2025-10-02,0.8176255204645348,2,False,63.17099343278058,0.07410146700538736,-0.29158162988920433,2014.1910600280457,0.18580875893184748,0.008762350173069379,918.3670761297938,-0.8248011910922444,-0.24771250272802633,43.01503418061744,0.5644553256019023,0.19743573813070636,68.98409660555915,-0.2951462748374542,-0.10618278185364642
Autumn,2025-10-07,0.9366708971146052,3,False,59.41718241266784,-0.797235145672951,-0.29158162988920433,1938.228938011604,-0.49117437355091303,0.008762350173069379,918.2685991710541,-0.826064526492403,-0.24771250272802633,38.17106574084522,0.2808331204780878,0.19743573813070636,70.00539322525985,-0.28020570268420975,-0.10618278185364642
Autumn,2025-11-30,0.9758001818397506,4,False,59.16052871698767,-0.8568097381676528,-0.29158162988920433,1912.3044001306262,-0.7222168246692955,0.008762350173069379,954.7579088431149,-0.35795262269221056,-0.24771250272802633,35.92493469975434,0.1493185066254009,0.19743573813070636,62.100575061464085,-0.39584547261615977,-0.10618278185364642
Autumn,2025-11-28,1.0914687848336813,5,False,61.59559166609432,-0.29158162988920433,-0.29158162988920433,1901.4276375389768,-0.819151778763552,0.008762350173069379,908.2300762297284,-0.9548461375351557,-0.24771250272802633,37.7144579346885,0.2540979931813031,0.19743573813070636,85.39585484676485,-0.05505827940651383,-0.10618278185364642
Autumn,2025-10-31,1.1112397439888042,6,False,59.66215699790848,-0.7403715145119314,-0.29158162988920433,1914.8604569186732,-0.6994369537909995,0.008762350173069379,910.8808206281277,-0.9208404241365138,-0.24771250272802633,39.18203888075463,0.34002723679556257,0.19743573813070636,65.37313202923869,-0.34797116013976304,-0.10618278185364642
Autumn,2025-10-04,1.1879347573802261,7,False,66.62617061843783,0.8761190350244735,-0.29158162988920433,1995.2198265944626,0.016734953514077062,0.008762350173069379,965.2031052349071,-0.22395390327350545,-0.24771250272802633,39.842854238621854,0.3787190473034769,0.19743573813070636,73.76331484863255,-0.22523097930101588,-0.10618278185364642
Autumn,2025-10-08,1.1886522492128657,8,False,61.50399595222394,-0.3128428757622789,-0.29158162988920433,1986.0923384548246,-0.06461026629342005,0.008762350173069379,874.1207928396229,-1.3924253005421272,-0.24771250272802633,39.43706588552005,0.3549594813708576,0.19743573813070636,100.22768801353622,0.16191695513207804,-0.10618278185364642
Autumn,2025-10-28,1.2482914932547804,9,False,60.06453851467464,-0.6469705025950171,-0.29158162988920433,1892.803978549281,-0.8960068154757138,0.008762350173069379,909.3982364646328,-0.9398601124111053,-0.24771250272802633,42.07776732594472,0.5095768317766537,0.19743573813070636,95.01837890303351,0.08570985022965726,-0.10618278185364642
Autumn,2025-11-13,1.2565861182935896,10,False,58.29606421641409,-1.0574696983187195,-0.29158162988920433,1887.4894228838086,-0.9433707443215507,0.008762350173069379,985.3938382641512,0.035067781772999,-0.24771250272802633,35.43464295561918,0.12061113015204117,0.19743573813070636,81.90112378843664,-0.10618278185364642,-0.10618278185364642
Autumn,2025-10-10,1.3017997466445879,11,False,60.60678054287802,-0.5211049942955669,-0.29158162988920433,2006.9539704292208,0.12131098745555244,0.008762350173069379,917.5115243119227,-0.8357768437933419,-0.24771250272802633,54.52657251744563,1.2384745575711484,0.19743573813070636,112.45253180394661,0.34075448106679984,-0.10618278185364642
Autumn,2025-10-16,1.3318704973681752,12,False,63.48258391651114,0.146428015993045,-0.29158162988920433,2030.4262664372045,0.3304987781100575,0.008762350173069379,1046.4683363717038,0.8185767009526429,-0.24771250272802633,28.24924474516758,-0.3001055839388593,0.19743573813070636,102.85819529614119,0.2003987077368324,-0.10618278185364642
Autumn,2025-11-23,1.3791845354638634,13,False,58.921287518186496,-0.9123425326156428,-0.29158162988920433,2013.6190796156893,0.18071120397949872,0.008762350173069379,979.6914516544706,-0.03808665924143856,-0.24771250272802633,41.72053579023014,0.4886603462217021,0.19743573813070636,2.2279637826025076,-1.2717233043445497,-0.10618278185364642
Autumn,2025-11-16,1.3987127468459533,14,False,58.5395394130335,-1.000954106042798,-0.29158162988920433,2003.1926193150039,0.08778939548213496,0.008762350173069379,978.1670223031423,-0.05764316859369906,-0.24771250272802633,39.9425681488071,0.3845574583996455,0.19743573813070636,1.721758561854899,-1.2791285923666966,-0.10618278185364642
Autumn,2025-11-21,1.4837091057992973,15,False,59.96579916023272,-0.6698899341211366,-0.29158162988920433,1850.7675594807195,-1.2706401972713572,0.008762350173069379,913.737647240672,-0.8841909353836717,-0.24771250272802633,38.69583978059214,0.31155949126174043,0.19743573813070636,77.98882263123708,-0.16341592705047586,-0.10618278185364642
Autumn,2025-11-03,1.521731596184511,16,False,58.12207413557157,-1.0978563685236555,-0.29158162988920433,1937.4027629335128,-0.4985373404809877,0.008762350173069379,884.0536685850792,-1.264999010014727,-0.24771250272802633,46.98416176964698,0.7968541806347529,0.19743573813070636,90.00681187560686,0.01239551888874751,-0.10618278185364642
Autumn,2025-11-19,1.563235898996274,17,False,58.61800809556344,-0.9827399136738614,-0.29158162988920433,1900.512308661819,-0.8273092945630206,0.008762350173069379,890.3887077631628,-1.1837284330442854,-0.24771250272802633,26.132080229917246,-0.42406899862482034,0.19743573813070636,86.53580062116838,-0.03838198599211562,-0.10618278185364642
Autumn,2025-10-01,1.565018409257749,18,False,63.16451561956081,0.07259783355174974,-0.29158162988920433,1989.357609561624,-0.03550979616953282,0.008762350173069379,914.1465432988725,-0.8789453137487082,-0.24771250272802633,58.0455524434105,1.4445165371583495,0.19743573813070636,40.82810411667057,-0.7070409479537971,-0.10618278185364642
Autumn,2025-10-25,1.5747194576296628,19,False,59.76992797140901,-0.7153556587611064,-0.29158162988920433,2149.835975638318,1.3946917842813182,0.008762350173069379,963.3511230788615,-0.24771250272802633,-0.24771250272802633,26.275817592880106,-0.4156529429983049,0.19743573813070636,85.9329365894868,-0.04720129802173343,-0.10618278185364642
Autumn,2025-10-06,1.5965518908874552,20,False,60.80065753279576,-0.47610216416744744,-0.29158162988920433,2053.974599207312,0.5403642170982333,0.008762350173069379,926.2896888962481,-0.7231640437055864,-0.24771250272802633,50.861916086026454,1.0239029824208465,0.19743573813070636,3.2686587561242693,-1.256498953219235,-0.10618278185364642
Autumn,2025-10-12,1.6208514992895806,21,False,65.31753111113582,0.572356935813807,-0.29158162988920433,2059.7597331895154,0.5919219938051122,0.008762350173069379,945.8713787020166,-0.4719556164433496,-0.24771250272802633,49.398363808124905,0.9382096238588452,0.19743573813070636,15.567676637839796,-1.0765763327667515,-0.10618278185364642
Autumn,2025-10-17,1.6456594167617986,22,False,64.14051796758704,0.2991480182410535,-0.29158162988920433,1961.8648434666136,-0.28052847676388826,0.008762350173069379,1048.931005428458,0.8501696445009764,-0.24771250272802633,24.6561804823831,-0.5104853215513586,0.19743573813070636,133.4665545980102,0.6481691123583806,-0.10618278185364642
Autumn,2025-10-13,1.6941466627432114,23,False,64.32647948609626,0.3423135049312905,-0.29158162988920433,1925.324087798083,-0.6061838768383455,0.008762350173069379,919.4393845653658,-0.8110448238781786,-0.24771250272802633,48.72615663062205,0.8988508038430029,0.19743573813070636,4.5388016090357235,-1.2379180036960566,-0.10618278185364642
Autumn,2025-10-14,1.696892304109877,24,False,62.89961735312685,0.011109506903915819,-0.29158162988920433,1915.6929176892288,-0.6920179680496881,0.008762350173069379,1063.21187956563,1.0333752803533056,-0.24771250272802633,28.28946030913225,-0.2977508974718076,0.19743573813070636,38.113358384538365,-0.7467550268083025,-0.10618278185364642
Autumn,2025-09-20,1.7469048488464256,25,False,66.84679903150136,0.9273314197367988,-0.29158162988920433,2074.3395851995388,0.721859304965855,0.008762350173069379,963.6167372652797,-0.24430500711909367,-0.24771250272802633,41.06855577891183,0.45048585957796927,0.19743573813070636,150.0315525842412,0.8904988556059018,-0.10618278185364642
Autumn,2025-10-29,1.7497920055044005,26,False,59.64949786419211,-0.7433099593704416,-0.29158162988920433,1962.2153115582926,-0.27740506498651935,0.008762350173069379,1087.7370578022023,1.3480024404322308,-0.24771250272802633,43.71342003377346,0.6053469495177469,0.19743573813070636,99.07554475309566,0.1450622244089595,-0.10618278185364642
Autumn,2025-09-15,1.7840712956753189,27,False,66.77037563306487,0.9095919798006301,-0.29158162988920433,2053.584236768932,0.5368852623333702,0.008762350173069379,931.5838843964269,-0.6552461807218234,-0.24771250272802633,45.331696870103364,0.700099681813059,0.19743573813070636,12.108934135957679,-1.127174357779315,-0.10618278185364642
Autumn,2025-11-06,1.790121969473659,28,False,56.43773688205433,-1.488825628623375,-0.29158162988920433,1886.9834075797532,-0.9478804106727551,0.008762350173069379,898.4938649239143,-1.0797494708984419,-0.24771250272802633,43.46732747577483,0.5909378312850498,0.19743573813070636,88.33131805583812,-0.012115319415902742,-0.10618278185364642
Autumn,2025-10-30,1.8295021580875088,29,False,59.96513332225231,-0.6700444887876692,-0.29158162988920433,1925.4417245456534,-0.6051354846693101,0.008762350173069379,1080.3181193735838,1.2528268006843475,-0.24771250272802633,29.32812122299992,-0.2369356171020376,0.19743573813070636,39.39429417589376,-0.7280161871360171,-0.10618278185364642
Autumn,2025-09-18,1.8547672852273596,30,False,63.81253060679356,0.22301541741915032,-0.29158162988920433,1968.333407913664,-0.22287988947083065,0.008762350173069379,1068.4671100076343,1.1007932706968997,-0.24771250272802633,55.29638954723181,1.2835485926819323,0.19743573813070636,57.87041209651454,-0.4577286256381803,-0.10618278185364642
Autumn,2025-11-22,1.8564029180282209,31,False,62.33721886681743,-0.11943472918326933,-0.29158162988920433,1975.5123023956492,-0.15890075954176347,0.008762350173069379,1081.6624891138024,1.2700733719174266,-0.24771250272802633,40.605440413604995,0.4233697041429802,0.19743573813070636,12.399359394670608,-1.1229257198721447,-0.10618278185364642
Autumn,2025-09-09,1.8615959175284074,32,False,66.35763451538791,0.813786291804405,-0.29158162988920433,2069.977433729569,0.6829833114033627,0.008762350173069379,930.3368481006954,-0.6712440864029436,-0.24771250272802633,26.50141532920311,-0.40244382980063925,0.19743573813070636,5.478660210576734,-1.2241687902165428,-0.10618278185364642
Autumn,2025-10-20,1.8788959795116456,33,False,60.50304362776468,-0.5451844622656516,-0.29158162988920433,1964.0281474867988,-0.2612488635405956,0.008762350173069379,903.3388950919662,-1.0175938336359291,-0.24771250272802633,19.018076996571615,-0.8406054210616092,0.19743573813070636,171.6233304453598,1.2063654792958984,-0.10618278185364642
Autumn,2025-09-02,1.9153790605758416,34,False,67.29531088929548,1.0314402309748927,-0.29158162988920433,2060.5834158682187,0.5992627481863508,0.008762350173069379,930.1991705927054,-0.6730103154972973,-0.24771250272802633,42.43545836506972,0.5305202220012257,0.19743573813070636,4.630928844090618,-1.236570272218183,-0.10618278185364642
Autumn,2025-11-05,1.9186629668332766,35,False,58.10117849577947,-1.1027066755579318,-0.29158162988920433,1823.5872033786454,-1.512874644223698,0.008762350173069379,913.2223622997968,-0.89080139244193,-0.24771250272802633,40.504867824081366,0.4174810159794699,0.19743573813070636,115.80393870084457,0.38978229100183975,-0.10618278185364642
Autumn,2025-09-26,1.931388564461783,36,False,66.75068230689428,0.9050207544443409,-0.29158162988920433,2029.9484502649477,0.3262404256515085,0.008762350173069379,928.315487335262,-0.6971756001717163,-0.24771250272802633,23.90659962688274,-0.5543744958510995,0.19743573813070636,0.1469664156219655,-1.3021662635322497,-0.10618278185364642
Autumn,2025-09-29,1.9353817604813002,37,False,63.93958304453107,0.25250689691494116,-0.29158162988920433,2174.518282256593,1.6146633280952618,0.008762350173069379,909.8233176084927,-0.9344068565038219,-0.24771250272802633,45.465854228341065,0.7079548126319444,0.19743573813070636,56.45482419254858,-0.47843729421740416,-0.10618278185364642
Autumn,2025-11-09,1.995635115806706,38,False,62.0361968495135,-0.18930812011687262,-0.29158162988920433,1894.9781702621754,-0.8766301698878687,0.008762350173069379,972.0701201870326,-0.13585874686869254,-0.24771250272802633,28.21443940151314,-0.3021434932357722,0.19743573813070636,198.83179304317963,1.604398715458678,-0.10618278185364642
Autumn,2025-09-17,1.9980871463255423,39,False,68.0228929354531,1.200326962924845,-0.29158162988920433,2074.7977038549084,0.725942110897656,0.008762350173069379,918.4731484906903,-0.8234404162448685,-0.24771250272802633,53.1331077244696,1.156884934876405,0.19743573813070636,82.88886676602446,-0.09173306671620067,-0.10618278185364642
Autumn,2025-11-24,2.001112717813844,40,False,59.56242249489033,-0.7635219404554268,-0.29158162988920433,1832.2305975710922,-1.4358437251240528,0.008762350173069379,894.6475159268743,-1.1290932860559801,-0.24771250272802633,31.75233197961969,-0.09499414720474364,0.19743573813070636,19.53133308500306,-1.0185919098310625,-0.10618278185364642
Autumn,2025-10-03,2.0101720717387503,41,False,65.09125513307794,0.5198336353079883,-0.29158162988920433,2022.8009840313964,0.2625413878724296,0.008762350173069379,927.5571057410847,-0.7069046812381413,-0.24771250272802633,8.751462199829017,-1.4417323615058875,0.19743573813070636,126.21559895555953,0.5420947125549656,-0.10618278185364642
Autumn,2025-10-26,2.045757604346696,42,False,60.9543973354236,-0.4404159993238174,-0.29158162988920433,2097.9911921088087,0.9326451349117693,0.008762350173069379,989.1351912773137,0.08306463064517837,-0.24771250272802633,16.533514497110158,-0.9860805833437011,0.19743573813070636,173.59389380050627,1.2351928967397483,-0.10618278185364642
Autumn,2025-10-11,2.05365506485442,43,False,63.60216345994202,0.17418488328349174,-0.29158162988920433,1945.6066721879356,-0.42542316148976195,0.008762350173069379,1072.8272804157587,1.1567287676680338,-0.24771250272802633,53.98095570425667,1.206527808612446,0.19743573813070636,19.9511296101296,-1.0124506966395683,-0.10618278185364642
Autumn,2025-11-14,2.0537873992699116,44,False,58.73457038007397,-0.9556834141305245,-0.29158162988920433,1864.8938822106013,-1.1447447910046933,0.008762350173069379,894.1075467537767,-1.1360204107367111,-0.24771250272802633,35.29293201426533,0.11231372479594012,0.19743573813070636,169.7101743944211,1.1783778746489326,-0.10618278185364642
Autumn,2025-11-11,2.0557951772597645,45,False,58.46546742169013,-1.0181477361125226,-0.29158162988920433,1802.6626527610692,-1.6993566361276986,0.008762350173069379,899.5046547405852,-1.066782310114198,-0.24771250272802633,39.971738857551635,0.38626545068779083,0.19743573813070636,100.5205459471321,0.1662011806970482,-0.10618278185364642
Autumn,2025-09-28,2.068617512205799,46,False,68.3791158563351,1.2830136169883166,-0.29158162988920433,2128.0086890631633,1.2001645061195956,0.008762350173069379,1001.0759274271171,0.23624924230529235,-0.24771250272802633,42.29069063379898,0.522043836639865,0.19743573813070636,68.09367835466122,-0.30817222427024943,-0.10618278185364642
Autumn,2025-11-20,2.069863358932996,47,False,58.222946477874544,-1.0744418267195344,-0.29158162988920433,1815.7023058052162,-1.5831457545727543,0.008762350173069379,912.879240654658,-0.8952032111659484,-0.24771250272802633,22.38599397407239,-0.6434084220081595,0.19743573813070636,74.72208021341244,-0.211205178339564,-0.10618278185364642
Autumn,2025-10-05,2.090846649187475,48,False,63.24813084083155,0.09200664323343921,-0.29158162988920433,2003.6146699684257,0.09155075924917212,0.008762350173069379,1085.429685369033,1.3184017570492288,-0.24771250272802633,52.454760126777096,1.1171665833036937,0.19743573813070636,16.3698167825473,-1.0648418058155817,-0.10618278185364642
Autumn,2025-11-26,2.1114306099185502,49,False,58.41294270704025,-1.0303398008434599,-0.29158162988920433,1800.4541340696512,-1.7190392076801269,0.008762350173069379,998.8787790253024,0.20806259447477568,-0.24771250272802633,29.65423217765376,-0.21784129202045133,0.19743573813070636,31.34948761962003,-0.8457038505379824,-0.10618278185364642
Autumn,2025-09-30,2.144254001135029,50,False,64.48913136389658,0.38006834540912593,-0.29158162988920433,2140.6270325799514,1.312620628907869,0.008762350173069379,1049.1448856429529,0.852913458382142,-0.24771250272802633,32.25422102206867,-0.0656077301137287,0.19743573813070636,8.084909009999615,-1.1860419155300335,-0.10618278185364642
Autumn,2025-11-07,2.1523112996191247,51,False,58.07653471518775,-1.108427003030287,-0.29158162988920433,1789.6807951662313,-1.8150524380182287,0.008762350173069379,1024.9339600669732,0.5423177643009682,-0.24771250272802633,35.314333602710974,0.11356682249539389,0.19743573813070636,87.90932178640213,-0.01828871271838533,-0.10618278185364642
Autumn,2025-11-08,2.159604541635532,52,False,61.370236255531964,-0.3438912477778118,-0.29158162988920433,1975.4643562057495,-0.15932806147814002,0.008762350173069379,1079.0375670282554,1.236398926282917,-0.24771250272802633,10.241766105919137,-1.3544726517440728,0.19743573813070636,92.01585293063506,0.041785827504745465,-0.10618278185364642
Autumn,2025-09-24,2.1761517305220566,53,False,64.38007099221171,0.3547531938652226,-0.29158162988920433,2118.34353544361,1.114027549968266,0.008762350173069379,1073.629611572861,1.1670216662951887,-0.24771250272802633,50.77459123266103,1.0187899706864472,0.19743573813070636,37.591012449994025,-0.7543964377103582,-0.10618278185364642
Autumn,2025-11-10,2.180852931688549,54,False,58.38358450221073,-1.037154442980054,-0.29158162988920433,1818.1112508808953,-1.5616769601259743,0.008762350173069379,895.9816298877349,-1.111978283560248,-0.24771250272802633,33.2952333955612,-0.004654767970769183,0.19743573813070636,148.39293132525694,0.8665274268559768,-0.10618278185364642
Autumn,2025-11-29,2.2556319106030975,55,False,59.35304347676138,-0.8121231096258759,-0.29158162988920433,1959.3044170805351,-0.3033472900003554,0.008762350173069379,1122.015612268895,1.7877531382430027,-0.24771250272802633,36.7467263176538,0.19743573813070636,0.19743573813070636,30.00454000193627,-0.8653791207158344,-0.10618278185364642
Autumn,2025-09-19,2.2716944965690615,56,False,67.19814266877162,1.0088854918903731,-0.29158162988920433,2025.6080514842317,0.2875582945473055,0.008762350173069379,1103.045219737852,1.5443868854047655,-0.24771250272802633,40.62850042681318,0.4247199053008965,0.19743573813070636,106.39322325731446,0.25211271451884204,-0.10618278185364642
Autumn,2025-09-10,2.2870542164249352,57,False,66.43369237249615,0.8314408820928303,-0.29158162988920433,2117.00752155876,1.1021208411929293,0.008762350173069379,1086.4878038847946,1.3319760854569451,-0.24771250272802633,41.094604519187,0.45201105555094084,0.19743573813070636,50.29522023966056,-0.5685462846109122,-0.10618278185364642
Autumn,2025-10-18,2.293765338703251,58,False,62.88175955302302,0.006964344835556397,-0.29158162988920433,2036.7264944353701,0.3866471316885762,0.008762350173069379,1075.6694263162262,1.193189921367647,-0.24771250272802633,10.946660511539609,-1.3131999415298585,0.19743573813070636,137.90457647683937,0.7130930382965239,-0.10618278185364642
Autumn,2025-09-13,2.319118248769778,59,False,67.47884878586575,1.0740431452502217,-0.29158162988920433,2179.469215770471,1.6587866146750312,0.008762350173069379,985.2681682993614,0.03345559434065312,-0.24771250272802633,29.031389254351687,-0.25430975492418645,0.19743573813070636,130.60627867978994,0.6063260690054313,-0.10618278185364642
Autumn,2025-10-24,2.3653882206679655,60,False,59.09086849569218,-0.8729793058248482,-0.29158162988920433,1890.6120921659447,-0.9155411579933729,0.008762350173069379,1093.3867213949793,1.4204805115169914,-0.24771250272802633,20.285151394716973,-0.7664161608865748,0.19743573813070636,138.71677542074607,0.7249747156566069,-0.10618278185364642
Autumn,2025-10-23,2.382331262081768,61,False,58.95712578541454,-0.9040237349448407,-0.29158162988920433,2003.3905001303528,0.08955293197475954,0.008762350173069379,909.701451679715,-0.9359702429433362,-0.24771250272802633,6.11598830484527,-1.5960436306512924,0.19743573813070636,168.46481762813065,1.1601595213670561,-0.10618278185364642
Autumn,2025-11-12,2.484791490620323,62,False,58.01548170310645,-1.122598660701836,-0.29158162988920433,1809.192851020334,-1.6411587612403478,0.008762350173069379,1041.9179837805318,0.7602014060084743,-0.24771250272802633,14.201661043915072,-1.1226143833970867,0.19743573813070636,78.19656266975423,-0.1603768931648132,-0.10618278185364642
Autumn,2025-10-19,2.491522902536641,63,False,64.58904660915313,0.40326072533723334,-0.29158162988920433,2004.9640889206764,0.10357693552066415,0.008762350173069379,994.0094013220632,0.14559460898885715,-0.24771250272802633,6.7928700045020705,-1.5564111097850655,0.19743573813070636,189.66351242106117,1.4702757236523447,-0.10618278185364642
Autumn,2025-09-25,2.512239220797312,64,False,66.645344429715,0.8805696703070887,-0.29158162988920433,2195.2333222841844,1.7992781376229525,0.008762350173069379,922.4236377324214,-0.7727606128583744,-0.24771250272802633,32.610919502186725,-0.044722455828136276,0.19743573813070636,1.102250859964252,-1.288191385037351,-0.10618278185364642
Autumn,2025-10-21,2.5268896829083345,65,False,57.80412188725932,-1.171659613693291,-0.29158162988920433,1973.3797395100746,-0.1779064042521659,0.008762350173069379,882.0966811427935,-1.2901046950922077,-0.24771250272802633,7.24359156372222,-1.53002063178912,0.19743573813070636,165.76359021547512,1.1206432023245738,-0.10618278185364642
Autumn,2025-09-08,2.532567076587387,66,False,69.44591217290682,1.5306389459989942,-0.29158162988920433,2076.1781666552497,0.7382449534992451,0.008762350173069379,1048.6921614027112,0.8471055763503731,-0.24771250272802633,37.14765761497726,0.22091091557331138,0.19743573813070636,2.1224404107570303,-1.2732670082210717,-0.10618278185364642
Autumn,2025-09-11,2.6048953379749396,67,False,66.13537945866705,0.7621963297002452,-0.29158162988920433,2014.5533756391153,0.18903775715909799,0.008762350173069379,946.0936057709292,-0.46910472292852184,-0.24771250272802633,17.54985200778601,-0.9265723744212068,0.19743573813070636,224.14540655618322,1.974712160010376,-0.10618278185364642
Autumn,2025-09-12,2.6631842478128225,68,False,68.5504997787863,1.32279534431983,-0.29158162988920433,2079.125779987819,0.7645144211531212,0.008762350173069379,1103.426301724256,1.5492756875159261,-0.24771250272802633,49.894454718472005,0.9672565509154428,0.19743573813070636,102.7904468902187,0.19940761472092794,-0.10618278185364642
Autumn,2025-09-01,2.702767490017457,69,False,67.87909221177588,1.166947862379225,-0.29158162988920433,2206.8477915542635,1.9027876181358985,0.008762350173069379,934.0544252572608,-0.6235522518375882,-0.24771250272802633,57.21908335737825,1.3961254323108225,0.19743573813070636,89.45130947602946,0.004269061283689878,-0.10618278185364642
Autumn,2025-11-15,2.7318322630310226,70,False,57.64019530013825,-1.2097103403773697,-0.29158162988920433,1840.9463762664118,-1.3581677070435303,0.008762350173069379,1123.4393758342976,1.806018232297996,-0.24771250272802633,44.658425157953474,0.6606785315678239,0.19743573813070636,43.29012509112255,-0.6710239854944672,-0.10618278185364642
Autumn,2025-11-04,2.7576410805348357,71,False,54.57495357284792,-1.9212158821819882,-0.29158162988920433,1808.3273955295394,-1.6488717997078055,0.008762350173069379,899.8995359179996,-1.0617164817552733,-0.24771250272802633,27.14876844745721,-0.36454025524687117,0.19743573813070636,6.314369313519013,-1.211943182189669,-0.10618278185364642
Autumn,2025-10-22,2.760401951773579,72,False,59.08577492745115,-0.8741616275969899,-0.29158162988920433,1945.935316428385,-0.4224942463743612,0.008762350173069379,918.2613456943033,-0.8261575794671382,-0.24771250272802633,3.60104649879631,-1.7432975505845973,0.19743573813070636,200.16892479863324,1.6239596472050337,-0.10618278185364642
Autumn,2025-11-27,2.7757160659388904,73,False,60.48715959151586,-0.5488714732170692,-0.29158162988920433,1925.1402148975017,-0.6078225731900253,0.008762350173069379,902.0025015022007,-1.034738080900504,-0.24771250272802633,2.815936613764879,-1.7892670071625576,0.19743573813070636,194.05344981038425,1.5344962204680768,-0.10618278185364642
Autumn,2025-10-09,2.788680469066211,74,False,60.57106354077228,-0.5293956438416133,-0.29158162988920433,1913.7508086984783,-0.7093262658338999,0.008762350173069379,1036.7218128626057,0.6935410750040755,-0.24771250272802633,11.567756034351572,-1.276833791757681,0.19743573813070636,221.0732720664534,1.929769832656223,-0.10618278185364642
Autumn,2025-09-16,2.7989149875739554,75,False,68.73781877407716,1.3662759292433988,-0.29158162988920433,2150.710078715664,1.4024818910306611,0.008762350173069379,928.4045506382286,-0.6960330301235267,-0.24771250272802633,59.96857992758344,1.5571129139424391,0.19743573813070636,10.427208131125408,-1.1517763668651253,-0.10618278185364642
Autumn,2025-09-03,2.8342487430423264,76,False,70.22636553436183,1.7117981958067305,-0.29158162988920433,2067.949147151489,0.6649069890896685,0.008762350173069379,940.6225055267271,-0.5392920510586603,-0.24771250272802633,63.15563683270227,1.7437202625500587,0.19743573813070636,9.788424326378134,-1.1611211500956302,-0.10618278185364642
Autumn,2025-09-21,2.8542634316465536,77,False,66.51812437289698,0.8510392829810829,-0.29158162988920433,2254.032890445665,2.32330662426761,0.008762350173069379,1018.5680974149471,0.46065176096596555,-0.24771250272802633,52.117519702247805,1.097420609717956,0.19743573813070636,110.28126895866673,0.30899102608437806,-0.10618278185364642
Autumn,2025-11-25,2.8659092412413303,78,False,59.09163304883014,-0.8728018373433835,-0.29158162988920433,1994.3252461555714,0.008762350173069379,0.008762350173069379,890.0707730734549,-1.1878071348399848,-0.24771250272802633,2.6366199563610095,-1.7997662881592582,0.19743573813070636,200.35905370994516,1.6267410474986193,-0.10618278185364642
Autumn,2025-11-02,2.8675730919260665,79,False,60.363477888958926,-0.5775805358680213,-0.29158162988920433,1956.6383299625857,-0.3271077637821529,0.008762350173069379,1017.522237208632,0.4472346912354871,-0.24771250272802633,2.07544262477443,-1.83262413069664,0.19743573813070636,208.39487965060562,1.7442973332645848,-0.10618278185364642
Autumn,2025-10-27,2.8853944491865584,80,False,59.301983970748786,-0.8239750693477867,-0.29158162988920433,1957.2290815717452,-0.3218429177737507,0.008762350173069379,938.2174813928874,-0.5701454828197746,-0.24771250272802633,0.0,-1.954144661056281,0.19743573813070636,204.17270743095514,1.6825310770425694,-0.10618278185364642
Autumn,2025-09-04,2.9280501184238985,81,False,70.58953525181776,1.7960973439897143,-0.29158162988920433,2138.8273501203716,1.2965816526836806,0.008762350173069379,940.0981009533588,-0.5460195015203753,-0.24771250272802633,62.35165510254074,1.6966458288449549,0.19743573813070636,49.840366450954306,-0.5752003513318359,-0.10618278185364642
Autumn,2025-09-05,2.9493157131635197,82,False,69.52381028245775,1.548720696664246,-0.29158162988920433,2092.9961874533615,0.8881290812702093,0.008762350173069379,1052.7786185913317,0.8995296773146011,-0.24771250272802633,61.080202882617655,1.62220024010757,0.19743573813070636,7.258680706330459,-1.1981288287224414,-0.10618278185364642
Autumn,2025-09-14,3.18793052430108,83,False,72.03406130182923,2.1314014998459156,-0.29158162988920433,2131.828498817571,1.2342070881905314,0.008762350173069379,1043.9660844844607,0.7864759595231094,-0.24771250272802633,47.806191510840065,0.8449853546449421,0.19743573813070636,3.9177185024121344,-1.2470038429994221,-0.10618278185364642
Autumn,2025-09-07,3.2881036430113926,84,False,72.03526424963933,2.131680728732097,-0.29158162988920433,2196.504291394934,1.81060515992096,0.008762350173069379,1014.9311752812433,0.41399462880090526,-0.24771250272802633,53.46873938239656,1.176536712569466,0.19743573813070636,44.692377932315416,-0.6505103958606606,-0.10618278185364642
Autumn,2025-11-17,3.478292752849798,85,False,57.69478062829124,-1.1970399649429313,-0.29158162988920433,1830.485369234188,-1.4513973999695147,0.008762350173069379,898.6299488829795,-1.0780036850305479,-0.24771250272802633,1.016541668216548,-1.8946244983788016,0.19743573813070636,219.9844819513858,1.9138418965795574,-0.10618278185364642
Autumn,2025-09-23,3.499993752830535,86,False,70.05151658034437,1.6712121635031247,-0.29158162988920433,2021.1286508730536,0.247637363208076,0.008762350173069379,1154.440862834317,2.203728280272065,-0.24771250272802633,27.145159601803485,-0.3647515590105079,0.19743573813070636,178.9279692949976,1.3132252119937198,-0.10618278185364642
Autumn,2025-11-01,3.5342435393832146,87,False,60.47847155828122,-0.5508881441173751,-0.29158162988920433,1983.9260763695397,-0.08391624213171173,0.008762350173069379,1118.2399016678855,1.7393155247742444,-0.24771250272802633,0.0,-1.954144661056281,0.19743573813070636,215.80931378563756,1.852763263762217,-0.10618278185364642
Autumn,2025-09-27,3.607467491008554,88,False,70.1174676224315,1.6865207545075505,-0.29158162988920433,2162.3847617056704,1.506528003112771,0.008762350173069379,1150.7948327782458,2.1569543049297195,-0.24771250272802633,19.972721678141326,-0.7847094272988474,0.19743573813070636,59.16792728065939,-0.4387472456407341,-0.10618278185364642
Autumn,2025-11-18,3.644075561565935,89,False,58.754908711209346,-0.9509624698783821,-0.29158162988920433,1801.549288743465,-1.7092790637827366,0.008762350173069379,1065.3031477956931,1.060203618881214,-0.24771250272802633,0.59263924601575,-1.919444672423447,0.19743573813070636,213.40689048217246,1.8176181570266488,-0.10618278185364642
Autumn,2025-09-06,3.723711637878511,90,False,75.08567650396608,2.8397440453765634,-0.29158162988920433,2102.3826707177373,0.9717824952959354,0.008762350173069379,995.8476782433253,0.169177387535715,-0.24771250272802633,61.88584251291486,1.6693717465533826,0.19743573813070636,21.02755970451138,-0.9967035755948049,-0.10618278185364642
Autumn,2025-09-22,4.275822476174323,91,False,66.47626599400905,0.8413230937864244,-0.29158162988920433,2205.382370528759,1.8897276181001263,0.008762350173069379,1149.296617875382,2.137734093947806,-0.24771250272802633,7.887889974923394,-1.4922959152855502,0.19743573813070636,233.45714397584206,2.1109337846655607,-0.10618278185364642
Winter,2025-01-12,0.8421737950058817,1,True,61.17729849607398,0.14543009840369275,0.11126414585635543,1808.8983960776472,-0.4318476272782606,-0.1173273811486764,976.1916876822739,0.35341060236372074,-0.12587377086692295,28.576380353592203,0.6511598624921436,0.05284865861013839,104.65758719486684,-0.1789989424325517,-0.03244998698795482
Winter,2025-02-06,1.1902108092292165,2,False,60.14116645284473,-0.3636093153182577,0.11126414585635543,1868.9669750211249,0.6479243311634962,-0.1173273811486764,911.0603617792104,-0.6413332376261266,-0.12587377086692295,10.14587998081117,-0.530042345325977,0.05284865861013839,116.39215855940859,-0.027312016565504343,-0.03244998698795482
Winter,2025-01-08,1.3318187961564885,3,False,62.14321038545519,0.6199711813580047,0.11126414585635543,1825.3238222022214,-0.13658985946157004,-0.1173273811486764,878.7783031484156,-1.1343736988777195,-0.12587377086692295,11.91985861544234,-0.41634887865574316,0.05284865861013839,156.73721578179112,0.4942083282240397,-0.03244998698795482
Winter,2025-01-31,1.3804416240514685,4,False,60.98543464347074,0.05116965767917097,0.11126414585635543,1816.4252962818166,-0.2965466776403621,-0.1173273811486764,1009.869465715537,0.8677677381756617,-0.12587377086692295,25.20225719660044,0.43491387666015224,0.05284865861013839,49.60016001390839,-0.8906987238548225,-0.03244998698795482
Winter,2025-01-03,1.409013155242923,5,False,60.86817634330096,-0.006437957839048048,0.11126414585635543,1788.4565144665828,-0.7993038070254639,-0.1173273811486764,882.6479609947972,-1.0752728245720813,-0.12587377086692295,15.599650092861976,-0.18051275215222215,0.05284865861013839,173.395749150738,0.70954484437704,-0.03244998698795482
Winter,2025-01-16,1.4339167182921688,6,False,62.33399395219936,0.7137008904214904,0.11126414585635543,1777.6505655627886,-0.9935477997400328,-0.1173273811486764,1006.0458363515864,0.8093698520055722,-0.12587377086692295,22.72930593611012,0.27642357907540993,0.05284865861013839,113.86407572511509,-0.059991276979734935,-0.03244998698795482
Winter,2025-02-13,1.5232762973181966,7,False,59.97883256896325,-0.44336203179703226,0.11126414585635543,1817.420704363495,-0.2786535669207977,-0.1173273811486764,1029.6645594549846,1.1700961076094993,-0.12587377086692295,27.17775912893184,0.5615228778712632,0.05284865861013839,133.02223911477338,0.1876567043191,-0.03244998698795482
Winter,2025-01-14,1.5359253264095922,8,False,60.28281444129015,-0.29401933451964546,0.11126414585635543,1773.636121590836,-1.0657100533823045,-0.1173273811486764,905.4497125845542,-0.7270240883395743,-0.12587377086692295,29.056515077241848,0.681931473905509,0.05284865861013839,59.238491008403386,-0.7661088471881924,-0.03244998698795482
Winter,2025-12-05,1.5359490973159857,9,False,60.54659159168133,-0.16442874144244335,0.11126414585635543,1878.1488660762884,0.8129748228050885,-0.1173273811486764,1005.1842535865997,0.7962109897188193,-0.12587377086692295,30.991806244579937,0.8059633858663302,0.05284865861013839,114.77451263627461,-0.04822251509150971,-0.03244998698795482
Winter,2025-02-27,1.5490254225629483,10,False,60.35278710552718,-0.2596425924696955,0.11126414585635543,1851.1810542859973,0.3282107837041916,-0.1173273811486764,885.162761675425,-1.036864540214721,-0.12587377086692295,18.317868125920715,-0.0063034210413962805,0.05284865861013839,30.19775586426494,-1.1415038831112205,-0.03244998698795482
Winter,2025-12-19,1.5780294625872244,11,False,61.32777152851124,0.2193557189009638,0.11126414585635543,1816.2473974194415,-0.2997445259399203,-0.1173273811486764,876.1012915665409,-1.1752594131439182,-0.12587377086692295,28.82801377579396,0.6672869316358825,0.05284865861013839,39.942121325783916,-1.0155433520048873,-0.03244998698795482
Winter,2025-02-02,1.6228796702992117,12,False,62.85392411431029,0.9691364274525058,0.11126414585635543,1896.465780414283,1.1422333272547576,-0.1173273811486764,927.1866295438447,-0.3950384586011808,-0.12587377086692295,26.866044911641723,0.5415452584781861,0.05284865861013839,115.59720698073403,-0.0375879574104053,-0.03244998698795482
Winter,2025-12-22,1.6264684635713145,13,False,61.36039891973257,0.23538517017323313,0.11126414585635543,1824.1593397667789,-0.15752219217202046,-0.1173273811486764,877.7701979158054,-1.149770383288736,-0.12587377086692295,36.294903227995846,1.1458364082144092,0.05284865861013839,67.96937501826281,-0.6532490831273469,-0.03244998698795482
Winter,2025-01-29,1.638109957363622,14,False,61.39762143909097,0.2536721535314559,0.11126414585635543,1797.1280976002079,-0.6434264337352551,-0.1173273811486764,974.5345306424838,0.32810101846732526,-0.12587377086692295,0.0,-1.1802870804765655,0.05284865861013839,178.82486676689408,0.7797243282100661,-0.03244998698795482
Winter,2025-12-30,1.6497284305579922,15,False,58.63454610983653,-1.1037940640846562,0.11126414585635543,1809.8558667958248,-0.41463646545786825,-0.1173273811486764,915.6642458141222,-0.5710186045327957,-0.12587377086692295,31.69182097484683,0.8508270047682674,0.05284865861013839,159.88755438604258,0.5349311772718668,-0.03244998698795482
Winter,2025-02-12,1.6719587814186008,16,False,60.13523410088266,-0.36652380964790976,0.11126414585635543,1856.8654993891976,0.43039239894620884,-0.1173273811486764,920.9002755768875,-0.4910492767124747,-0.12587377086692295,0.0,-1.1802870804765655,0.05284865861013839,176.57296562561748,0.7506151301946274,-0.03244998698795482
Winter,2025-01-05,1.6742811456746345,17,False,62.81683527371051,0.9509151188867586,0.11126414585635543,1829.5617584125002,-0.06041018679393732,-0.1173273811486764,951.4302727567987,-0.024767864372984116,-0.12587377086692295,10.570463849551444,-0.5028309624000616,0.05284865861013839,12.90008965782416,-1.3651021492956772,-0.03244998698795482
Winter,2025-12-17,1.686584591832012,18,False,59.36594273467818,-0.7444675559040468,0.11126414585635543,1804.8345281971522,-0.5048983079727335,-0.1173273811486764,887.3209262793281,-1.0039031208723317,-0.12587377086692295,9.523777441864597,-0.5699126080768558,0.05284865861013839,185.33109062182206,0.863827024840214,-0.03244998698795482
Winter,2025-12-16,1.7617564686431426,19,False,61.09871916690955,0.10682500370566371,0.11126414585635543,1827.4669963977337,-0.09806490283578276,-0.1173273811486764,1013.2231666520288,0.918988457261107,-0.12587377086692295,26.858588667805538,0.5410673912741932,0.05284865861013839,12.97736247051467,-1.3641032823540573,-0.03244998698795482
Winter,2025-01-18,1.7911576898396033,20,False,61.09578776874084,0.10538484246855659,0.11126414585635543,1859.8070744401928,0.48326913266593297,-0.1173273811486764,922.7085532904084,-0.4634316427771075,-0.12587377086692295,30.67293429760657,0.7855270309026603,0.05284865861013839,1.3358172643494763,-1.5145877056710755,-0.03244998698795482
Winter,2025-12-20,1.8034126793105882,21,False,61.1509195363738,0.13247042760871816,0.11126414585635543,1924.073041640136,1.638491887809387,-0.1173273811486764,948.1696665366062,-0.07456675771958006,-0.12587377086692295,20.281617955389194,0.1195523933561494,0.05284865861013839,84.87072179567639,-0.434773839674864,-0.03244998698795482
Winter,2025-02-15,1.8143832433579146,22,False,62.72163589043076,0.9041447882439757,0.11126414585635543,1844.6749463627684,0.21125924235494992,-0.1173273811486764,929.1689934293506,-0.3647620250051525,-0.12587377086692295,11.210956402716716,-0.46178209218017374,0.05284865861013839,0.3816650198569496,-1.5269215537751102,-0.03244998698795482
Winter,2025-01-17,1.8223142417761256,23,False,61.11679060618436,0.11570328800704714,0.11126414585635543,1811.9173982337547,-0.37757909074924667,-0.1173273811486764,875.1278806435099,-1.190126215040521,-0.12587377086692295,38.07130941977317,1.259685455894526,0.05284865861013839,52.957046349205015,-0.847305935753088,-0.03244998698795482
Winter,2025-01-25,1.826414806994418,24,False,60.48112153114325,-0.1965934075681764,0.11126414585635543,1827.606194313037,-0.09556272934905306,-0.1173273811486764,942.1902115424746,-0.16589034033421246,-0.12587377086692295,0.0,-1.1802870804765655,0.05284865861013839,217.40230444206753,1.2783955405610075,-0.03244998698795482
Winter,2025-12-29,1.8377193733153208,25,False,60.28709989849614,-0.2919139400982281,0.11126414585635543,1845.5101804086644,0.22627312011528336,-0.1173273811486764,1042.7166815235219,1.369439785117258,-0.12587377086692295,30.902335015276375,0.8002292163401654,0.05284865861013839,73.47750172896266,-0.5820482883069338,-0.03244998698795482
Winter,2025-02-14,1.854820243224757,26,False,61.35819450186628,0.23430216575735174,0.11126414585635543,1817.000480878574,-0.2862073586581241,-0.1173273811486764,927.9575113627961,-0.3832648622536501,-0.12587377086692295,38.565777015650895,1.2913756544312873,0.05284865861013839,12.305680337766345,-1.3727857808204504,-0.03244998698795482
Winter,2025-01-02,1.9032675488013464,27,False,58.436240618757296,-1.2012192055774387,0.11126414585635543,1837.989975184745,0.09109251712222505,-0.1173273811486764,1017.745936005475,0.9880642344183447,-0.12587377086692295,29.604399685674203,0.7170451439643871,0.05284865861013839,83.69160575137573,-0.45001568212860105,-0.03244998698795482
Winter,2025-02-16,1.913543502048274,28,False,61.88122530957365,0.4912610132842498,0.11126414585635543,1883.6832133736957,0.9124583319062669,-0.1173273811486764,971.1065356255765,0.27574561376299656,-0.12587377086692295,42.22963034648447,1.5261903125234684,0.05284865861013839,88.67003501273933,-0.3856620208960597,-0.03244998698795482
Winter,2025-01-21,1.9171028814326458,29,False,60.32297660689077,-0.2742881377433867,0.11126414585635543,1838.954564931792,0.10843164813849045,-0.1173273811486764,984.6142672625616,0.4820477679387787,-0.12587377086692295,42.09236013844298,1.51739272865289,0.05284865861013839,40.14954764382831,-1.0128620558969486,-0.03244998698795482
Winter,2025-01-28,1.9211183817763076,30,False,61.82641246104798,0.46433210932816954,0.11126414585635543,1819.983575632613,-0.2325842811450543,-0.1173273811486764,1002.3497043597964,0.7529192196924106,-0.12587377086692295,0.0,-1.1802870804765655,0.05284865861013839,202.82655399743908,1.0899821159486907,-0.03244998698795482
Winter,2025-01-10,1.9392503438906183,31,False,59.73094293864083,-0.5651472742394916,0.11126414585635543,1809.373702630917,-0.42330368139322094,-0.1173273811486764,976.8569675648336,0.36357135152504283,-0.12587377086692295,0.0,-1.1802870804765655,0.05284865861013839,209.12838632795606,1.1714427457279892,-0.03244998698795482
Winter,2025-02-24,1.943926035546345,32,False,63.09261496616842,1.086402418871876,0.11126414585635543,1817.0994849500037,-0.28442769577976923,-0.1173273811486764,890.4273299763612,-0.9564593463245142,-0.12587377086692295,0.0,-1.1802870804765655,0.05284865861013839,175.39296973140202,0.7353619143617821,-0.03244998698795482
Winter,2025-01-20,2.0080122857808984,33,False,58.79138556228171,-1.0267406967625308,0.11126414585635543,1837.437936395717,0.0811692591586015,-0.1173273811486764,1024.9592812775702,1.0982328925202232,-0.12587377086692295,33.82795602614086,0.9877309079586857,0.05284865861013839,71.87781497334562,-0.6027266376706777,-0.03244998698795482
Winter,2025-02-20,2.0086400178199497,34,False,63.37769946307785,1.2264610591931528,0.11126414585635543,1793.0078650353012,-0.7174903064636424,-0.1173273811486764,860.497616682195,-1.4135726864758418,-0.12587377086692295,8.87734229834779,-0.6113423361520063,0.05284865861013839,160.53287471215944,0.543272909869273,-0.03244998698795482
Winter,2025-01-26,2.014736241577254,35,False,63.29832230795461,1.1874640020411296,0.11126414585635543,1829.1475707063935,-0.06785548146298917,-0.1173273811486764,1049.9681247452252,1.4801903091671027,-0.12587377086692295,11.387624113772814,-0.4504595406417562,0.05284865861013839,96.15846481263719,-0.28886284002865925,-0.03244998698795482
Winter,2025-02-25,2.019762734184507,36,False,61.45847351660817,0.2835680592372371,0.11126414585635543,1797.5255100001555,-0.6362826861562715,-0.1173273811486764,1023.79576251332,1.080462593706208,-0.12587377086692295,36.044633819238506,1.129796758058731,0.05284865861013839,32.482146681056335,-1.111974707335354,-0.03244998698795482
Winter,2025-12-28,2.030252584810999,37,False,60.29406803686384,-0.2884905761625135,0.11126414585635543,1816.5513980945075,-0.29427991515576246,-0.1173273811486764,1009.5817838389115,0.8633740033532535,-0.12587377086692295,35.32615783902439,1.083749966223033,0.05284865861013839,9.657357633107194,-1.4070193218075129,-0.03244998698795482
Winter,2025-02-19,2.0345832802605073,38,False,61.733698858978,0.4187830135829379,0.11126414585635543,1784.0095926982874,-0.8792401316604748,-0.1173273811486764,867.9621632678258,-1.299567457326589,-0.12587377086692295,0.0,-1.1802870804765655,0.05284865861013839,174.20912064266952,0.7200588902135838,-0.03244998698795482
Winter,2025-12-13,2.0512433090708675,39,False,57.33988685723941,-1.7398448369743442,0.11126414585635543,1854.7366096381834,0.39212421454447394,-0.1173273811486764,936.722776832273,-0.2493938913998586,-0.12587377086692295,8.995737203281646,-0.6037544616899096,0.05284865861013839,137.1904399113596,0.24153694805269207,-0.03244998698795482
Winter,2025-12-21,2.0517683580132693,40,False,61.40483105639042,0.25721415320925245,0.11126414585635543,1858.9029026927456,0.4670160546727372,-0.1173273811486764,956.6343795199579,0.05471390685652826,-0.12587377086692295,0.847791890076142,-1.1259524920457942,0.05284865861013839,236.45888211373597,1.5247303741704057,-0.03244998698795482
Winter,2025-02-05,2.0566853249726327,41,False,61.4096448635562,0.25957911971468256,0.11126414585635543,1811.4146258432258,-0.38661675300662507,-0.1173273811486764,1024.9447626584429,1.098011151188509,-0.12587377086692295,0.0,-1.1802870804765655,0.05284865861013839,197.75274248662592,1.024395496157049,-0.03244998698795482
Winter,2025-01-07,2.0726959139176784,42,False,61.76764282496963,0.4354592824626483,0.11126414585635543,1841.8682970992024,0.1608078878317908,-0.1173273811486764,1004.9769781143608,0.7930452933917178,-0.12587377086692295,0.0,-1.1802870804765655,0.05284865861013839,218.29115841953,1.289885310676803,-0.03244998698795482
Winter,2025-12-26,2.0833071954893674,43,False,62.25781736303817,0.6762762334587598,0.11126414585635543,1809.7126306817754,-0.41721122820583045,-0.1173273811486764,998.4524388149678,0.693396695933369,-0.12587377086692295,0.908811269067848,-1.1220417883900682,0.05284865861013839,222.04987940865095,1.3384724140587396,-0.03244998698795482
Winter,2025-02-11,2.1044411357110695,44,False,62.03401850375878,0.5663265017969851,0.11126414585635543,1787.0244639527998,-0.8250458507869785,-0.1173273811486764,990.3245689292694,0.5692606002998982,-0.12587377086692295,42.65978111090922,1.553758475207947,0.05284865861013839,39.2250602003455,-1.0248124419782276,-0.03244998698795482
Winter,2025-12-08,2.1304798026854814,45,False,58.661111364526704,-1.090742868765268,0.11126414585635543,1879.8705262552314,0.8439227895438677,-0.1173273811486764,882.1250655897412,-1.0832589506938284,-0.12587377086692295,12.264172431878778,-0.3942819660960797,0.05284865861013839,195.40169756817812,0.9940047161979024,-0.03244998698795482
Winter,2025-12-01,2.13894047279403,46,False,57.62336815766553,-1.6005738281169117,0.11126414585635543,1867.2341491611685,0.616775654012265,-0.1173273811486764,994.7563448967487,0.6369466451138232,-0.12587377086692295,30.364132757333827,0.7657360836266716,0.05284865861013839,125.67753208233609,0.09271535567206275,-0.03244998698795482
Winter,2025-12-07,2.1476736393172273,47,False,61.20194702792886,0.1575396304720282,0.11126414585635543,1920.7902639785639,1.5794818142050178,-0.1173273811486764,956.0745705448049,0.04616400368960681,-0.12587377086692295,34.26586460339711,1.0157962652639865,0.05284865861013839,47.9203685652758,-0.9124125464585836,-0.03244998698795482
Winter,2025-02-26,2.1489680295814626,48,False,61.34699181330348,0.22879841741236015,0.11126414585635543,1843.8420816723471,0.196287955307534,-0.1173273811486764,888.1733006874622,-0.9908848968441839,-0.12587377086692295,46.01711993604599,1.76892876100777,0.05284865861013839,46.25348018038954,-0.9339595776207872,-0.03244998698795482
Winter,2025-02-03,2.1627013789899667,49,False,62.26240585189203,0.6785305037434202,0.11126414585635543,1768.9805244912798,-1.1493974534560396,-0.1173273811486764,907.1840478004536,-0.7005357703363273,-0.12587377086692295,0.0,-1.1802870804765655,0.05284865861013839,208.80974905608593,1.1673238813285027,-0.03244998698795482
Winter,2025-02-18,2.1731471169584777,50,False,60.79867693310813,-0.04058219577644173,0.11126414585635543,1784.2072547768742,-0.8756870266351984,-0.1173273811486764,1031.7189579682044,1.2014727184426848,-0.12587377086692295,0.0,-1.1802870804765655,0.05284865861013839,186.97809721914743,0.8851170540939401,-0.03244998698795482
Winter,2025-12-14,2.2166667767669046,51,False,62.54484065234734,0.8172873795469787,0.11126414585635543,1795.7876522307404,-0.667521815168134,-0.1173273811486764,894.6702408478354,-0.8916578181120135,-0.12587377086692295,2.8904366940894954,-0.9950403353768369,0.05284865861013839,236.53639869455517,1.5257323921805155,-0.03244998698795482
Winter,2025-02-22,2.223537785489886,52,False,62.54663038799005,0.818166655492777,0.11126414585635543,1866.7625358844084,0.6082980971858659,-0.1173273811486764,1039.7664327045,1.3243809474770232,-0.12587377086692295,0.0,-1.1802870804765655,0.05284865861013839,157.94191410962358,0.5097808600421386,-0.03244998698795482
Winter,2025-12-12,2.2285142624529977,53,False,58.21106956075211,-1.3118430822378686,0.11126414585635543,1823.9891306114944,-0.1605818129617716,-0.1173273811486764,1034.4091849058645,1.2425602694376547,-0.12587377086692295,31.49501010104862,0.838213487286323,0.05284865861013839,167.8758816132606,0.6381922817701694,-0.03244998698795482
Winter,2025-01-22,2.249111324553954,54,False,58.26696719763009,-1.2843812345990986,0.11126414585635543,1829.1128608232573,-0.06847941429360478,-0.1173273811486764,885.0802547032714,-1.0381246604589822,-0.12587377086692295,25.642942392492312,0.46315718616405455,0.05284865861013839,3.6824486785366326,-1.4842539768706633,-0.03244998698795482
Winter,2025-12-15,2.2497137641388907,55,False,59.31285870710652,-0.7705471105801658,0.11126414585635543,1767.2410524333138,-1.180665600359464,-0.1173273811486764,865.6788789237829,-1.3344398172039587,-0.12587377086692295,34.78445862201662,1.0490327150274068,0.05284865861013839,51.27405469862464,-0.8690611257643607,-0.03244998698795482
Winter,2025-12-04,2.2740267186637024,56,False,57.40979973921722,-1.7054974652410253,0.11126414585635543,1753.0159078615668,-1.436371869485716,-0.1173273811486764,967.1438462972291,0.21522387948978547,-0.12587377086692295,19.176588597375922,0.04873157509357052,0.05284865861013839,106.73342127936075,-0.15216567506341883,-0.03244998698795482
Winter,2025-01-06,2.2866403051627193,57,False,60.508763758500734,-0.18301310831966802,0.11126414585635543,1868.6975605995103,0.6430814308855833,-0.1173273811486764,851.3681429556174,-1.5530061714532315,-0.12587377086692295,0.0,-1.1802870804765655,0.05284865861013839,193.60896200856124,0.9708309216481902,-0.03244998698795482
Winter,2025-12-23,2.31692174484787,58,False,59.41403201950346,-0.7208418592433437,0.11126414585635543,1769.895835058945,-1.1329441478907394,-0.1173273811486764,1044.0557907020188,1.3898918577246282,-0.12587377086692295,19.305067715997005,0.05696574212670626,0.05284865861013839,26.220330767458382,-1.1929180649384397,-0.03244998698795482
Winter,2025-12-25,2.3625776192921952,59,False,60.23091529082645,-0.3195167730916349,0.11126414585635543,1882.915848506878,0.8986644469891172,-0.1173273811486764,898.2201452383354,-0.8374405044608472,-0.12587377086692295,0.0,-1.1802870804765655,0.05284865861013839,234.25782319616474,1.496278388112569,-0.03244998698795482
Winter,2025-12-02,2.363236774364553,60,False,58.51397556925655,-1.1630289441272474,0.11126414585635543,1835.378267980139,0.044145373494151485,-0.1173273811486764,926.6644783104728,-0.40301321906763987,-0.12587377086692295,0.0,-1.1802870804765655,0.05284865861013839,234.27177028840683,1.496458675187509,-0.03244998698795482
Winter,2025-01-13,2.36351740380882,61,False,64.60107614620541,1.827491549090444,0.11126414585635543,1793.3574216737509,-0.711206797469026,-0.1173273811486764,926.6668491061859,-0.40297701015589465,-0.12587377086692295,34.50084126034038,1.0308558100594718,0.05284865861013839,29.337110157411352,-1.152629019043136,-0.03244998698795482
Winter,2025-01-30,2.4122887598404748,62,False,58.8405657329979,-1.0025790607705665,0.11126414585635543,1814.7873503677013,-0.3259898257656105,-0.1173273811486764,990.867687089614,0.5775555864206099,-0.12587377086692295,41.48270190253327,1.478320015503194,0.05284865861013839,6.367261169652949,-1.4495487506927842,-0.03244998698795482
Winter,2025-12-31,2.417101946743847,63,False,62.40179322126877,0.7470098691403676,0.11126414585635543,1799.9545821742472,-0.5926185265449143,-0.1173273811486764,1021.8469488847707,1.050698569630098,-0.12587377086692295,0.4338988702553962,-1.1524787034304176,0.05284865861013839,235.21946058261588,1.508708992897194,-0.03244998698795482
Winter,2025-01-09,2.4400667186039,64,False,63.37877435749166,1.226989142100917,0.11126414585635543,1768.0304264549438,-1.1664760865026353,-0.1173273811486764,898.281520588251,-0.8365031252441747,-0.12587377086692295,0.0,-1.1802870804765655,0.05284865861013839,213.3199451080917,1.2256249264142827,-0.03244998698795482
Winter,2025-01-24,2.4571857910021118,65,False,56.92055758403935,-1.945856347554545,0.11126414585635543,1824.199100888947,-0.1568074600190642,-0.1173273811486764,882.9226171365898,-1.071078030417727,-0.12587377086692295,31.14185221792674,0.8155797626009093,0.05284865861013839,71.602392870154,-0.6062868812322971,-0.03244998698795482
Winter,2025-12-24,2.46748511181375,66,False,59.29035256105616,-0.7816041138506279,0.11126414585635543,1898.6687840234586,1.1818337566867911,-0.1173273811486764,884.6727850688848,-1.0443479010144145,-0.12587377086692295,0.0,-1.1802870804765655,0.05284865861013839,202.1129333310007,1.0807574990654256,-0.03244998698795482
Winter,2025-01-19,2.5029818814653653,67,False,61.21488258664792,0.1638947174221361,0.11126414585635543,1925.397745301023,1.6623043017440817,-0.1173273811486764,916.5746523282859,-0.557114062297638,-0.12587377086692295,33.9257918371377,0.9940011596401764,0.05284865861013839,5.954397221239995,-1.4548856361392632,-0.03244998698795482
Winter,2025-02-10,2.5203234560316146,68,False,65.57840313552427,2.3076407355850397,0.11126414585635543,1861.7914702616515,0.5189399442640623,-0.1173273811486764,962.1740616239993,0.13932088471382956,-0.12587377086692295,33.11171319704916,0.941827237741112,0.05284865861013839,76.35825894895561,-0.544810182772851,-0.03244998698795482
Winter,2025-02-09,2.5216375471920625,69,False,64.90462295644275,1.976620505510715,0.11126414585635543,1919.6630625492435,1.559219631940961,-0.1173273811486764,947.4304193682867,-0.08585720139963343,-0.12587377086692295,22.908418384494436,0.28790281269359846,0.05284865861013839,124.26896336498228,0.07450749345278244,-0.03244998698795482
Winter,2025-01-23,2.552074793664281,70,False,58.24575075986642,-1.2948046194476426,0.11126414585635543,1791.4653219238792,-0.7452185268693262,-0.1173273811486764,902.2192207932463,-0.7763630472043758,-0.12587377086692295,40.15405527437276,1.3931676702683864,0.05284865861013839,8.738985443890249,-1.4188906590601924,-0.03244998698795482
Winter,2025-01-01,2.6039194419582854,71,False,59.97295421921472,-0.44624999547810645,0.11126414585635543,1912.9584969862638,1.438700684834658,-0.1173273811486764,1033.057376372994,1.221914240936407,-0.12587377086692295,35.58779453543578,1.100518140564289,0.05284865861013839,33.60643114729151,-1.0974416452246574,-0.03244998698795482
Winter,2025-12-06,2.6236528529367904,72,False,60.64972908476832,-0.11375851137203044,0.11126414585635543,1859.1125281376953,0.4707842090258747,-0.1173273811486764,1079.842759789305,1.9364624450402883,-0.12587377086692295,36.383570140643236,1.1515190294596895,0.05284865861013839,37.606859830893804,-1.045730107554045,-0.03244998698795482
Winter,2025-01-27,2.6468714973439837,73,False,58.85457940850963,-0.995694307796084,0.11126414585635543,1760.3026929311948,-1.3053871462949125,-0.1173273811486764,1043.8402745302858,1.3866003020672366,-0.12587377086692295,0.0,-1.1802870804765655,0.05284865861013839,173.93163636087968,0.7164719899022259,-0.03244998698795482
Winter,2025-12-09,2.7481919167084805,74,False,58.60985024243792,-1.1159268515455685,0.11126414585635543,1933.1952664984374,1.8024698405733885,-0.1173273811486764,883.8469163245919,-1.0569613068469346,-0.12587377086692295,37.99999213708424,1.2551147643742804,0.05284865861013839,98.94518257481275,-0.2528403354588884,-0.03244998698795482
Winter,2025-02-01,2.784179165456734,75,False,63.45625959774844,1.2650567238634578,0.11126414585635543,1932.9463084514427,1.7979946569965275,-0.1173273811486764,925.3522505119511,-0.42305473520667325,-0.12587377086692295,0.0,-1.1802870804765655,0.05284865861013839,198.70230308386516,1.0366699903371202,-0.03244998698795482
Winter,2025-12-11,2.8222539225873913,76,False,56.84486410784967,-1.9830436568303806,0.11126414585635543,1785.413444674444,-0.8540049750391853,-0.1173273811486764,1027.3009791347251,1.1339973957945646,-0.12587377086692295,5.471953782746222,-0.829592104294361,0.05284865861013839,179.33212552218168,0.7862814080401164,-0.03244998698795482
Winter,2025-02-04,2.8234634691020384,77,False,64.26883759588097,1.6642666802350292,0.11126414585635543,1916.5761631521425,1.5037305981375015,-0.1173273811486764,910.039610276716,-0.6569230671772397,-0.12587377086692295,0.0,-1.1802870804765655,0.05284865861013839,198.21772376992007,1.0304060762845624,-0.03244998698795482
Winter,2025-12-18,2.8279070618486983,78,False,58.22950963174716,-1.3027836935338393,0.11126414585635543,1761.1816322929994,-1.2895876369217942,-0.1173273811486764,1032.9909372104355,1.2208995226457415,-0.12587377086692295,39.32449530959099,1.3400015574608974,0.05284865861013839,32.93489790335109,-1.106122219080013,-0.03244998698795482
Winter,2025-01-11,2.835527443781463,79,False,65.74002551872778,2.387043900198929,0.11126414585635543,1829.972187102181,-0.05303246290148145,-0.1173273811486764,1052.3255245398934,1.5161946264694974,-0.12587377086692295,15.793266468531314,-0.16810396857149426,0.05284865861013839,141.84973501166766,0.3017653218481526,-0.03244998698795482
Winter,2025-02-23,2.8443163734290526,80,False,63.96238140350861,1.5137083787945138,0.11126414585635543,1932.9423518119468,1.7979235338161133,-0.1173273811486764,961.418124843371,0.127775542353213,-0.12587377086692295,0.0,-1.1802870804765655,0.05284865861013839,188.15744547780469,0.9003618982663426,-0.03244998698795482
Winter,2025-02-08,2.916326013968916,81,False,63.3577857541,1.2166776895836937,0.11126414585635543,1943.7196935919674,1.9916532947874703,-0.1173273811486764,932.6205901972954,-0.31204615325778384,-0.12587377086692295,0.0,-1.1802870804765655,0.05284865861013839,203.51583455043905,1.098892100378155,-0.03244998698795482
Winter,2025-02-28,2.9729339187940953,82,False,57.45456015577749,-1.6835072021730293,0.11126414585635543,1823.7428127597302,-0.16500953730412404,-0.1173273811486764,868.8400967461359,-1.2861588723275719,-0.12587377086692295,42.02184991705752,1.5128737613166998,0.05284865861013839,2.9074526225062507,-1.494271962670601,-0.03244998698795482
Winter,2025-01-04,3.007430747074768,83,False,61.61448086220754,0.36021262231118334,0.11126414585635543,1924.3481400828364,1.6434369620805545,-0.1173273811486764,1084.6938311921892,2.0105523446156774,-0.12587377086692295,31.518872447915992,0.8397428140128554,0.05284865861013839,51.32326100993901,-0.8684250604267644,-0.03244998698795482
Winter,2025-12-10,3.0232490049222127,84,False,56.25639313058923,-2.2721524853957376,0.11126414585635543,1856.9154636525718,0.4312905392296085,-0.1173273811486764,878.7777919583051,-1.1343815062301177,-0.12587377086692295,31.252654075502655,0.8226810021848495,0.05284865861013839,19.723680314250537,-1.2768970110001256,-0.03244998698795482
Winter,2025-02-07,3.0555499053223913,85,False,63.80225565349733,1.4350404923603788,0.11126414585635543,1719.9238389342252,-2.0312234325331406,-0.1173273811486764,869.9786841016916,-1.2687693482771178,-0.12587377086692295,0.0,-1.1802870804765655,0.05284865861013839,196.9157003734624,1.01357547205709,-0.03244998698795482
Winter,2025-02-17,3.064167518537432,86,False,59.91291190349436,-0.4757480747938887,0.11126414585635543,1697.5862369525223,-2.4327564247048272,-0.1173273811486764,868.9501049774782,-1.2844787282654235,-0.12587377086692295,2.83734412696463,-0.9984430133420668,0.05284865861013839,201.99182714695075,1.0791920200895566,-0.03244998698795482
Winter,2025-12-03,3.096943468754797,87,False,58.54202144258129,-1.1492503383908115,0.11126414585635543,1735.6413676321008,-1.748690583538342,-0.1173273811486764,863.511515408252,-1.3675417305490352,-0.12587377086692295,0.8147906034258638,-1.1280675291779232,0.05284865861013839,235.95365037554538,1.5181994965749812,-0.03244998698795482
Winter,2025-02-21,3.115054870291671,88,False,62.41452650540096,0.7532655809791822,0.11126414585635543,1967.078809291533,2.4115486635479164,-0.1173273811486764,883.3484076648941,-1.06457497679055,-0.12587377086692295,0.0,-1.1802870804765655,0.05284865861013839,170.38977758738724,0.6706881557496029,-0.03244998698795482
Winter,2025-12-27,3.4365501640823175,89,False,61.682280582747765,0.3935218228323282,0.11126414585635543,1905.6528344049505,1.3073766260357629,-0.1173273811486764,1130.834873126267,2.71525958952804,-0.12587377086692295,29.12959566267832,0.6866151746797803,0.05284865861013839,30.311990148934015,-1.1400272337363286,-0.03244998698795482
Winter,2025-01-15,3.561997388574861,90,False,62.98716136382097,1.0345943117251135,0.11126414585635543,1681.064490879819,-2.729745606529601,-0.1173273811486764,1028.2120307794942,1.1479117910411072,-0.12587377086692295,2.600638119118128,-1.0136133914336471,0.05284865861013839,232.0530931443712,1.4677789471416105,-0.03244998698795482
